Dia,Boletim,Municipio,Confirmados,Obitos,Qt_Novos_Casos,Qt_Novas_Mortes,Latitude,Longitude
25-03-2020,30, BARUERI,1.0,0.0,,,-23.5112184,-46.8764612
25-03-2020,30, CAIEIRAS,1.0,0.0,,,-23.3644621,-46.7484765
25-03-2020,30, CAMPINAS,4.0,0.0,,,-22.90556,-47.06083
25-03-2020,30, CARAPICUIBA,2.0,0.0,,,-23.5234673,-46.8406808
25-03-2020,30, COTIA,6.0,0.0,,,-23.603889,-46.918889
25-03-2020,30, EMBU DAS ARTES,1.0,0.0,,,-23.6495294,-46.8528497
25-03-2020,30, FERRAZ DE VASCONCELOS,1.0,0.0,,,-23.541056,-46.37097
25-03-2020,30, GUARULHOS,5.0,0.0,,,-23.4430602,-46.524459
25-03-2020,30, HORTOLANDIA,2.0,0.0,,,-22.85833,-47.22
25-03-2020,30, IRACEMAPOLIS,1.0,0.0,,,-22.583234,-47.522963
25-03-2020,30, JAGUARIUNA,1.0,0.0,,,-22.70374,-46.985062
25-03-2020,30,IGNORADO OU EXTERIOR,33.0,1.0,,,,
25-03-2020,30,JUNDIAI,1.0,0.0,,,-23.1887866,-46.8845122
25-03-2020,30,MAUA,2.0,0.0,,,-23.6669527,-46.4616922
25-03-2020,30,MOGI DAS CRUZES,4.0,0.0,,,-23.5234284,-46.1926671
25-03-2020,30,OSASCO,3.0,0.0,,,-23.5324859,-46.7916801
25-03-2020,30,POA,1.0,0.0,,,-23.5249082,-46.3445663
25-03-2020,30,RIBEIRAO PIRES,1.0,0.0,,,-23.7129388,-46.4150871
25-03-2020,30,RIO CLARO,1.0,0.0,,,-22.4100108,-47.5603933
25-03-2020,30,SANTANA DE PARNAIBA,4.0,0.0,,,-23.4446715,-46.9167722
25-03-2020,30,SANTO ANDRE,17.0,0.0,,,-23.6573395,-46.5322504
25-03-2020,30,SAO BERNARDO DO CAMPO,13.0,0.0,,,-23.7080345,-46.5506747
25-03-2020,30,SAO CAETANO DO SUL,16.0,0.0,,,-23.6195923,-46.5688323
25-03-2020,30,SAO JOSE DO RIO PRETO,1.0,0.0,,,-20.8125851,-49.3804212
25-03-2020,30,SAO JOSE DOS CAMPOS,2.0,0.0,,,-23.1805011,-45.8872969
25-03-2020,30,SAO PAULO,722.0,44.0,,,-23.5506507,-46.6333824
25-03-2020,30,SAO SEBASTIAO,2.0,0.0,,,-23.8027866,-45.4070527
25-03-2020,30,SUZANO,1.0,0.0,,,-23.5427842,-46.3108391
25-03-2020,30,TABOAO DA SERRA,1.0,1.0,,,-23.6121912,-46.7790539
25-03-2020,30,TAUBATE,1.0,0.0,,,-23.031448,-45.5612792
25-03-2020,30,VALINHOS,1.0,0.0,,,-22.97056,-46.99583
25-03-2020,30,VARGEM GRANDE,0.0,1.0,,,-23.860568,-46.7076294
26-03-2020,31, ARUJÁ,1.0,0.0,,,-23.396266,-46.3175449
26-03-2020,31, BARUERI,3.0,0.0,2.0,0.0,-23.5112184,-46.8764612
26-03-2020,31, CAIEIRAS,2.0,0.0,1.0,0.0,-23.3644621,-46.7484765
26-03-2020,31, CAMPINAS,4.0,0.0,0.0,0.0,-22.90556,-47.06083
26-03-2020,31, CARAPICUÍBA,2.0,0.0,,,-23.5234673,-46.8406808
26-03-2020,31, COTIA,5.0,0.0,-1.0,0.0,-23.603889,-46.918889
26-03-2020,31, EMBU DAS ARTES,1.0,0.0,0.0,0.0,-23.6495294,-46.8528497
26-03-2020,31, GUARULHOS,9.0,1.0,4.0,1.0,-23.4430602,-46.524459
26-03-2020,31, HORTOLÂNDIA,1.0,0.0,,,-22.85833,-47.22
26-03-2020,31, IRACEMÁPOLIS,1.0,0.0,,,-22.583234,-47.522963
26-03-2020,31, JAGUARIÚNA,1.0,0.0,,,-22.70374,-46.985062
26-03-2020,31, JUNDIAÍ,2.0,0.0,,,-23.1887866,-46.8845122
26-03-2020,31, LOUVEIRA,2.0,0.0,,,-23.08639,-46.95056
26-03-2020,31,IGNORADO,1.0,1.0,,,,
26-03-2020,31,MAIRIPORÃ,1.0,0.0,,,-23.3186111,-46.5866667
26-03-2020,31,MAUÁ,2.0,0.0,,,-23.6669527,-46.4616922
26-03-2020,31,MOGI DAS CRUZES,7.0,0.0,3.0,0.0,-23.5234284,-46.1926671
26-03-2020,31,OSASCO,3.0,0.0,0.0,0.0,-23.5324859,-46.7916801
26-03-2020,31,OUTRO ESTADO,8.0,0.0,,,-25.3817431,-49.287191
26-03-2020,31,OUTRO PAÍS,28.0,0.0,,,,
26-03-2020,31,POÁ,1.0,0.0,,,-23.5249082,-46.3445663
26-03-2020,31,RIBEIRÃO PIRES,1.0,0.0,,,-23.7129388,-46.4150871
26-03-2020,31,RIBEIRÃO PRETO,1.0,1.0,,,-21.178333,-47.8066671
26-03-2020,31,RIO CLARO,1.0,0.0,0.0,0.0,-22.4100108,-47.5603933
26-03-2020,31,SANTANA DE PARNAÍBA,6.0,0.0,,,-23.4446715,-46.9167722
26-03-2020,31,SANTO ANDRÉ,16.0,0.0,,,-23.6573395,-46.5322504
26-03-2020,31,SUZANO,2.0,0.0,1.0,0.0,-23.5427842,-46.3108391
26-03-2020,31,SÃO BERNARDO DO CAMPO,13.0,0.0,,,-23.7080345,-46.5506747
26-03-2020,31,SÃO CAETANO DO SUL,17.0,0.0,,,-23.6195923,-46.5688323
26-03-2020,31,SÃO JOSE DO RIO PRETO,1.0,0.0,,,-20.8125851,-49.3804212
26-03-2020,31,SÃO JOSE DOS CAMPOS,2.0,0.0,,,-23.1805011,-45.8872969
26-03-2020,31,SÃO PAULO,899.0,53.0,,,-23.5506507,-46.6333824
26-03-2020,31,SÃO SEBASTIAO,2.0,0.0,,,-23.8027866,-45.4070527
26-03-2020,31,TABOÃO DA SERRA,2.0,1.0,,,-23.6121912,-46.7790539
26-03-2020,31,TATUÍ,1.0,0.0,,,-23.3514733,-47.8552438
26-03-2020,31,TAUBATÉ,1.0,0.0,,,-23.031448,-45.5612792
26-03-2020,31,VALINHOS,1.0,0.0,0.0,0.0,-22.97056,-46.99583
26-03-2020,31,VARGEM GRANDE PAULISTA,1.0,1.0,,,-23.599338,-47.022038
27-03-2020,32, ARUJÁ,1.0,0.0,0.0,0.0,-23.396266,-46.3175449
27-03-2020,32, BARUERI,3.0,0.0,0.0,0.0,-23.5112184,-46.8764612
27-03-2020,32, CAIEIRAS,2.0,0.0,0.0,0.0,-23.3644621,-46.7484765
27-03-2020,32, CAMPINAS,5.0,0.0,1.0,0.0,-22.90556,-47.06083
27-03-2020,32, CARAPICUÍBA,2.0,0.0,0.0,0.0,-23.5234673,-46.8406808
27-03-2020,32, COTIA,6.0,0.0,1.0,0.0,-23.603889,-46.918889
27-03-2020,32, DIADEMA,1.0,0.0,,,-23.681347,-46.62052
27-03-2020,32, EMBU DAS ARTES,1.0,0.0,0.0,0.0,-23.6495294,-46.8528497
27-03-2020,32, FERRAZ DE VASCONCELOS,2.0,0.0,1.0,0.0,-23.541056,-46.37097
27-03-2020,32, GUARULHOS,13.0,2.0,4.0,1.0,-23.4430602,-46.524459
27-03-2020,32, HORTOLÂNDIA,1.0,0.0,0.0,0.0,-22.85833,-47.22
27-03-2020,32, IRACEMÁPOLIS,1.0,0.0,0.0,0.0,-22.583234,-47.522963
27-03-2020,32, JAGUARIÚNA,1.0,0.0,0.0,0.0,-22.70374,-46.985062
27-03-2020,32, JUNDIAÍ,3.0,0.0,1.0,0.0,-23.1887866,-46.8845122
27-03-2020,32,IGNORADO,3.0,1.0,2.0,0.0,,
27-03-2020,32,LOUVEIRA,1.0,0.0,,,-23.08639,-46.95056
27-03-2020,32,MAIRIPORÃ,2.0,0.0,1.0,0.0,-23.3186111,-46.5866667
27-03-2020,32,MAUÁ,2.0,0.0,0.0,0.0,-23.6669527,-46.4616922
27-03-2020,32,MOGI DAS CRUZES,8.0,0.0,1.0,0.0,-23.5234284,-46.1926671
27-03-2020,32,OSASCO,4.0,0.0,1.0,0.0,-23.5324859,-46.7916801
27-03-2020,32,OUTRO ESTADO,14.0,0.0,6.0,0.0,-25.3817431,-49.287191
27-03-2020,32,OUTRO PAÍS,27.0,0.0,-1.0,0.0,,
27-03-2020,32,POÁ,1.0,0.0,0.0,0.0,-23.5249082,-46.3445663
27-03-2020,32,RIBEIRÃO PIRES,1.0,0.0,0.0,0.0,-23.7129388,-46.4150871
27-03-2020,32,RIBEIRÃO PRETO,3.0,1.0,2.0,0.0,-21.178333,-47.8066671
27-03-2020,32,RIO CLARO,1.0,0.0,0.0,0.0,-22.4100108,-47.5603933
27-03-2020,32,SANTANA DE PARNAÍBA,6.0,0.0,0.0,0.0,-23.4446715,-46.9167722
27-03-2020,32,SANTO ANDRÉ,17.0,0.0,1.0,0.0,-23.6573395,-46.5322504
27-03-2020,32,SOROCABA,1.0,0.0,,,-23.501667,-47.458056
27-03-2020,32,SUZANO,1.0,0.0,-1.0,0.0,-23.5427842,-46.3108391
27-03-2020,32,SÃO BERNARDO DO CAMPO,15.0,0.0,2.0,0.0,-23.7080345,-46.5506747
27-03-2020,32,SÃO CAETANO DO SUL,16.0,0.0,-1.0,0.0,-23.6195923,-46.5688323
27-03-2020,32,SÃO JOSÉ DO RIO PRETO,1.0,0.0,,,-20.8125851,-49.3804212
27-03-2020,32,SÃO JOSÉ DOS CAMPOS,4.0,0.0,,,-23.1805011,-45.8872969
27-03-2020,32,SÃO PAULO,1044.0,62.0,145.0,9.0,-23.5506507,-46.6333824
27-03-2020,32,SÃO SEBASTIÃO,2.0,0.0,,,-23.8027866,-45.4070527
27-03-2020,32,TABOÃO DA SERRA,2.0,1.0,0.0,0.0,-23.6121912,-46.7790539
27-03-2020,32,TATUÍ,1.0,0.0,0.0,0.0,-23.3514733,-47.8552438
27-03-2020,32,TAUBATÉ,1.0,0.0,0.0,0.0,-23.031448,-45.5612792
27-03-2020,32,VALINHOS,1.0,0.0,0.0,0.0,-22.97056,-46.99583
27-03-2020,32,VARGEM GRANDE PAULISTA,2.0,1.0,1.0,0.0,-23.599338,-47.022038
30-03-2020,33, ARUJÁ,1.0,0.0,0.0,0.0,-23.396266,-46.3175449
30-03-2020,33, BARUERI,6.0,0.0,3.0,0.0,-23.5112184,-46.8764612
30-03-2020,33, BRODOWSKI,1.0,0.0,,,-20.984532,-47.657217
30-03-2020,33, CAIEIRAS,3.0,0.0,1.0,0.0,-23.3644621,-46.7484765
30-03-2020,33, CAJAMAR,1.0,0.0,,,-23.3561111,-46.8769444
30-03-2020,33, CAMPINAS,11.0,0.0,6.0,0.0,-22.90556,-47.06083
30-03-2020,33, CARAPICUÍBA,3.0,0.0,1.0,0.0,-23.5234673,-46.8406808
30-03-2020,33, COTIA,6.0,0.0,0.0,0.0,-23.603889,-46.918889
30-03-2020,33, DIADEMA,2.0,0.0,1.0,0.0,-23.681347,-46.62052
30-03-2020,33, EMBU DAS ARTES,3.0,1.0,2.0,1.0,-23.6495294,-46.8528497
30-03-2020,33, FERRAZ DE VASCONCELOS,3.0,0.0,1.0,0.0,-23.541056,-46.37097
30-03-2020,33, GUARULHOS,14.0,2.0,1.0,0.0,-23.4430602,-46.524459
30-03-2020,33, HORTOLÂNDIA,1.0,0.0,0.0,0.0,-22.85833,-47.22
30-03-2020,33, IRACEMÁPOLIS,1.0,0.0,0.0,0.0,-22.583234,-47.522963
30-03-2020,33, ITAPEVI,1.0,0.0,,,-23.54888,-46.933889
30-03-2020,33, ITUPEVA,1.0,0.0,,,-23.1531055,-47.0580347
30-03-2020,33, JAGUARIÚNA,1.0,0.0,0.0,0.0,-22.70374,-46.985062
30-03-2020,33, JANDIRA,1.0,0.0,,,-23.5282044,-46.9019554
30-03-2020,33,IGNORADO,4.0,1.0,1.0,0.0,,
30-03-2020,33,JUNDIAÍ,3.0,0.0,,,-23.1887866,-46.8845122
30-03-2020,33,LOUVEIRA,1.0,0.0,0.0,0.0,-23.08639,-46.95056
30-03-2020,33,MAIRIPORÃ,2.0,0.0,0.0,0.0,-23.3186111,-46.5866667
30-03-2020,33,MAUÁ,2.0,0.0,0.0,0.0,-23.6669527,-46.4616922
30-03-2020,33,MOGI DAS CRUZES,9.0,0.0,1.0,0.0,-23.5234284,-46.1926671
30-03-2020,33,OSASCO,14.0,1.0,10.0,1.0,-23.5324859,-46.7916801
30-03-2020,33,OUTRO ESTADO,15.0,0.0,1.0,0.0,-25.3817431,-49.287191
30-03-2020,33,OUTRO PAÍS,28.0,0.0,1.0,0.0,,
30-03-2020,33,PAULÍNIA,1.0,0.0,,,-22.7630391,-47.1532213
30-03-2020,33,PENÁPOLIS,1.0,0.0,,,-21.4192406,-50.0765588
30-03-2020,33,PIRACICABA,3.0,0.0,,,-22.72528,-47.64917
30-03-2020,33,PORTO FELIZ,1.0,0.0,,,-23.2137274,-47.5190176
30-03-2020,33,POÁ,1.0,0.0,0.0,0.0,-23.5249082,-46.3445663
30-03-2020,33,RIBEIRÃO PIRES,1.0,0.0,0.0,0.0,-23.7129388,-46.4150871
30-03-2020,33,RIBEIRÃO PRETO,5.0,1.0,2.0,0.0,-21.178333,-47.8066671
30-03-2020,33,RIO CLARO,1.0,0.0,0.0,0.0,-22.4100108,-47.5603933
30-03-2020,33,SANTANA DE PARNAÍBA,7.0,0.0,1.0,0.0,-23.4446715,-46.9167722
30-03-2020,33,SANTO ANDRÉ,40.0,0.0,23.0,0.0,-23.6573395,-46.5322504
30-03-2020,33,SANTOS,1.0,0.0,,,-23.960833,-46.333889
30-03-2020,33,SOROCABA,3.0,1.0,2.0,1.0,-23.501667,-47.458056
30-03-2020,33,SUZANO,1.0,0.0,0.0,0.0,-23.5427842,-46.3108391
30-03-2020,33,SÃO BERNARDO DO CAMPO,33.0,1.0,18.0,1.0,-23.7080345,-46.5506747
30-03-2020,33,SÃO CAETANO DO SUL,27.0,0.0,11.0,0.0,-23.6195923,-46.5688323
30-03-2020,33,SÃO JOSE DO RIO PRETO,3.0,0.0,2.0,0.0,-20.8125851,-49.3804212
30-03-2020,33,SÃO JOSE DOS CAMPOS,5.0,0.0,3.0,0.0,-23.1805011,-45.8872969
30-03-2020,33,SÃO PAULO,1233.0,103.0,189.0,41.0,-23.5506507,-46.6333824
30-03-2020,33,SÃO PEDRO,1.0,0.0,,,-22.5512765,-47.9072359
30-03-2020,33,SÃO SEBASTIAO,2.0,0.0,0.0,0.0,-23.8027866,-45.4070527
30-03-2020,33,TABOÃO DA SERRA,3.0,1.0,1.0,0.0,-23.6121912,-46.7790539
30-03-2020,33,TATUÍ,1.0,0.0,0.0,0.0,-23.3514733,-47.8552438
30-03-2020,33,TAUBATÉ,1.0,0.0,0.0,0.0,-23.031448,-45.5612792
30-03-2020,33,UMUARAMA,1.0,0.0,,,-23.5609315,-46.7812938
30-03-2020,33,VALINHOS,1.0,0.0,0.0,0.0,-22.97056,-46.99583
30-03-2020,33,VARGEM GRANDE PAULISTA,2.0,1.0,0.0,0.0,-23.599338,-47.022038
31-03-2020,34, AMERICANA,2.0,0.0,,,-22.7392463,-47.3306032
31-03-2020,34, ARACATUBA,1.0,0.0,,,-21.207992,-50.4390225
31-03-2020,34, ARUJÁ,2.0,0.0,1.0,0.0,-23.396266,-46.3175449
31-03-2020,34, BARUERI,20.0,0.0,14.0,0.0,-23.5112184,-46.8764612
31-03-2020,34, BAURU,1.0,0.0,,,-22.3218102,-49.0705863
31-03-2020,34, BRODOWSKI,1.0,0.0,0.0,0.0,-20.984532,-47.657217
31-03-2020,34, CACHOEIRA PAULISTA,1.0,0.0,,,-22.666498,-45.015384
31-03-2020,34, CAIEIRAS,9.0,1.0,6.0,1.0,-23.3644621,-46.7484765
31-03-2020,34, CAJAMAR,1.0,0.0,0.0,0.0,-23.3561111,-46.8769444
31-03-2020,34, CAMPINAS,15.0,1.0,4.0,1.0,-22.90556,-47.06083
31-03-2020,34, CARAPICUÍBA,6.0,0.0,3.0,0.0,-23.5234673,-46.8406808
31-03-2020,34, COTIA,12.0,0.0,6.0,0.0,-23.603889,-46.918889
31-03-2020,34, DIADEMA,5.0,0.0,3.0,0.0,-23.681347,-46.62052
31-03-2020,34, EMBU DAS ARTES,7.0,1.0,4.0,0.0,-23.6495294,-46.8528497
31-03-2020,34, FERRAZ DE VASCONCELOS,5.0,0.0,2.0,0.0,-23.541056,-46.37097
31-03-2020,34, FRANCO DA ROCHA,3.0,0.0,,,-23.3328038,-46.724446
31-03-2020,34, GUARUJÁ,1.0,0.0,,,-23.9927768,-46.2558332
31-03-2020,34, GUARULHOS,21.0,2.0,7.0,0.0,-23.4430602,-46.524459
31-03-2020,34, HORTOLÂNDIA,1.0,0.0,0.0,0.0,-22.85833,-47.22
31-03-2020,34, IRACEMÁPOLIS,1.0,0.0,0.0,0.0,-22.583234,-47.522963
31-03-2020,34, ITAPECERICA DA SERRA,3.0,0.0,,,-23.7176303,-46.8492435
31-03-2020,34, ITAPEVI,6.0,0.0,5.0,0.0,-23.54888,-46.933889
31-03-2020,34, ITAQUAQUECETUBA,1.0,0.0,,,-23.4754492,-46.3514033
31-03-2020,34, ITUPEVA,1.0,0.0,0.0,0.0,-23.1531055,-47.0580347
31-03-2020,34,IGNORADO,4.0,1.0,0.0,0.0,,
31-03-2020,34,JAGUARIÚNA,1.0,0.0,,,-22.70374,-46.985062
31-03-2020,34,JANDIRA,2.0,0.0,,,-23.5282044,-46.9019554
31-03-2020,34,JUNDIAÍ,3.0,0.0,0.0,0.0,-23.1887866,-46.8845122
31-03-2020,34,LENÇÓIS PAULISTA,1.0,0.0,,,-22.6029897,-48.8031367
31-03-2020,34,LOUVEIRA,1.0,0.0,0.0,0.0,-23.08639,-46.95056
31-03-2020,34,MAIRIPORÃ,2.0,0.0,0.0,0.0,-23.3186111,-46.5866667
31-03-2020,34,MATÃO,1.0,0.0,,,-21.6033611,-48.3660603
31-03-2020,34,MAUÁ,3.0,0.0,1.0,0.0,-23.6669527,-46.4616922
31-03-2020,34,MOGI DAS CRUZES,10.0,0.0,1.0,0.0,-23.5234284,-46.1926671
31-03-2020,34,MOGI GUAÇU,1.0,0.0,,,-22.372222,-46.9425
31-03-2020,34,NOVA ODESSA,1.0,0.0,,,-22.783186,-47.294059
31-03-2020,34,OSASCO,33.0,2.0,19.0,1.0,-23.5324859,-46.7916801
31-03-2020,34,OUTRO ESTADO,18.0,0.0,3.0,0.0,-25.3817431,-49.287191
31-03-2020,34,OUTRO PAÍS,31.0,0.0,3.0,0.0,,
31-03-2020,34,PAULINIA,1.0,0.0,,,-22.7630391,-47.1532213
31-03-2020,34,PENÁPOLIS,1.0,0.0,0.0,0.0,-21.4192406,-50.0765588
31-03-2020,34,PIRACICABA,5.0,0.0,2.0,0.0,-22.72528,-47.64917
31-03-2020,34,PIRAJUÍ,1.0,0.0,,,-21.9957877,-49.4549675
31-03-2020,34,POÁ,1.0,0.0,0.0,0.0,-23.5249082,-46.3445663
31-03-2020,34,RIBEIRÃO PIRES,1.0,0.0,0.0,0.0,-23.7129388,-46.4150871
31-03-2020,34,RIBEIRÃO PRETO,6.0,1.0,1.0,0.0,-21.178333,-47.8066671
31-03-2020,34,RIO CLARO,1.0,0.0,0.0,0.0,-22.4100108,-47.5603933
31-03-2020,34,SALTO DE PIRAPORA,1.0,0.0,,,-23.6492626,-47.5729991
31-03-2020,34,SANTA ISABEL,1.0,0.0,,,-23.3194222,-46.2271903
31-03-2020,34,SANTANA DE PARNAÍBA,17.0,0.0,10.0,0.0,-23.4446715,-46.9167722
31-03-2020,34,SANTO ANDRÉ,48.0,1.0,8.0,1.0,-23.6573395,-46.5322504
31-03-2020,34,SANTOS,14.0,0.0,13.0,0.0,-23.960833,-46.333889
31-03-2020,34,SOROCABA,3.0,1.0,0.0,0.0,-23.501667,-47.458056
31-03-2020,34,SUZANO,1.0,0.0,0.0,0.0,-23.5427842,-46.3108391
31-03-2020,34,SÃO BERNARDO DO CAMPO,44.0,1.0,11.0,0.0,-23.7080345,-46.5506747
31-03-2020,34,SÃO CAETANO DO SUL,30.0,1.0,3.0,1.0,-23.6195923,-46.5688323
31-03-2020,34,SÃO JOSÉ DO RIO PARDO,1.0,0.0,,,-21.595288,-46.887303
31-03-2020,34,SÃO JOSÉ DO RIO PRETO,6.0,0.0,5.0,0.0,-20.8125851,-49.3804212
31-03-2020,34,SÃO JOSÉ DOS CAMPOS,9.0,0.0,5.0,0.0,-23.1805011,-45.8872969
31-03-2020,34,SÃO PAULO,1885.0,121.0,652.0,18.0,-23.5506507,-46.6333824
31-03-2020,34,SÃO PEDRO,1.0,0.0,0.0,0.0,-22.5512765,-47.9072359
31-03-2020,34,SÃO SEBASTIÃO,2.0,0.0,0.0,0.0,-23.8027866,-45.4070527
31-03-2020,34,SÃO VICENTE,1.0,0.0,,,-23.9603686,-46.3847024
31-03-2020,34,TABOÃO DA SERRA,12.0,1.0,9.0,0.0,-23.6121912,-46.7790539
31-03-2020,34,TATUÍ,1.0,0.0,0.0,0.0,-23.3514733,-47.8552438
31-03-2020,34,TAUBATÉ,1.0,0.0,0.0,0.0,-23.031448,-45.5612792
31-03-2020,34,VALINHOS,1.0,0.0,0.0,0.0,-22.97056,-46.99583
31-03-2020,34,VARGEM GRANDE PAULISTA,2.0,1.0,0.0,0.0,-23.599338,-47.022038
31-03-2020,34,VINHEDO,1.0,0.0,,,-23.0295183,-46.9756292
31-03-2020,34,VOTORANTIM,1.0,0.0,,,-23.5466667,-47.4377778
31-03-2020,34,VOTUPORANGA,1.0,0.0,,,-20.4252506,-49.97226
01-04-2020,35, AMERICANA,2.0,0.0,0.0,0.0,-22.7392463,-47.3306032
01-04-2020,35, ARACATUBA,2.0,0.0,1.0,0.0,-21.207992,-50.4390225
01-04-2020,35, ARUJÁ,2.0,0.0,0.0,0.0,-23.396266,-46.3175449
01-04-2020,35, BARUERI,21.0,0.0,1.0,0.0,-23.5112184,-46.8764612
01-04-2020,35, BAURU,2.0,0.0,1.0,0.0,-22.3218102,-49.0705863
01-04-2020,35, BRODOWSKI,1.0,0.0,0.0,0.0,-20.984532,-47.657217
01-04-2020,35, CACHOEIRA PAULISTA,1.0,0.0,0.0,0.0,-22.666498,-45.015384
01-04-2020,35, CAIEIRAS,11.0,1.0,2.0,0.0,-23.3644621,-46.7484765
01-04-2020,35, CAJAMAR,1.0,0.0,0.0,0.0,-23.3561111,-46.8769444
01-04-2020,35, CAMPINAS,22.0,1.0,7.0,0.0,-22.90556,-47.06083
01-04-2020,35, CARAPICUÍBA,7.0,0.0,1.0,0.0,-23.5234673,-46.8406808
01-04-2020,35, COTIA,21.0,2.0,9.0,2.0,-23.603889,-46.918889
01-04-2020,35, DIADEMA,8.0,0.0,3.0,0.0,-23.681347,-46.62052
01-04-2020,35, EMBU DAS ARTES,8.0,1.0,1.0,0.0,-23.6495294,-46.8528497
01-04-2020,35, FERRAZ DE VASCONCELOS,9.0,0.0,4.0,0.0,-23.541056,-46.37097
01-04-2020,35, FRANCO DA ROCHA,4.0,0.0,1.0,0.0,-23.3328038,-46.724446
01-04-2020,35, GUARUJÁ,1.0,0.0,0.0,0.0,-23.9927768,-46.2558332
01-04-2020,35, GUARULHOS,25.0,2.0,4.0,0.0,-23.4430602,-46.524459
01-04-2020,35, HORTOLÂNDIA,1.0,0.0,0.0,0.0,-22.85833,-47.22
01-04-2020,35, INDAIATUBA,2.0,0.0,,,-23.09028,-47.21806
01-04-2020,35, IRACEMÁPOLIS,1.0,0.0,0.0,0.0,-22.583234,-47.522963
01-04-2020,35, ITANHAÉM,2.0,0.0,,,-24.1848847,-46.7921572
01-04-2020,35, ITAPECERICA DA SERRA,4.0,0.0,1.0,0.0,-23.7176303,-46.8492435
01-04-2020,35, ITAPEVI,6.0,0.0,0.0,0.0,-23.54888,-46.933889
01-04-2020,35, ITAQUAQUECETUBA,3.0,0.0,2.0,0.0,-23.4754492,-46.3514033
01-04-2020,35, ITUPEVA,1.0,0.0,0.0,0.0,-23.1531055,-47.0580347
01-04-2020,35,IGNORADO,4.0,0.0,0.0,-1.0,,
01-04-2020,35,JAGUARIÚNA,1.0,0.0,0.0,0.0,-22.70374,-46.985062
01-04-2020,35,JANDIRA,2.0,0.0,0.0,0.0,-23.5282044,-46.9019554
01-04-2020,35,JUNDIAÍ,5.0,0.0,2.0,0.0,-23.1887866,-46.8845122
01-04-2020,35,LENÇÓIS PAULISTA,1.0,0.0,0.0,0.0,-22.6029897,-48.8031367
01-04-2020,35,LIMEIRA,2.0,0.0,,,-22.5615068,-47.401766
01-04-2020,35,LOUVEIRA,1.0,0.0,0.0,0.0,-23.08639,-46.95056
01-04-2020,35,MAIRIPORÃ,2.0,0.0,0.0,0.0,-23.3186111,-46.5866667
01-04-2020,35,MATÃO,1.0,0.0,0.0,0.0,-21.6033611,-48.3660603
01-04-2020,35,MAUÁ,3.0,0.0,0.0,0.0,-23.6669527,-46.4616922
01-04-2020,35,MOGI DAS CRUZES,11.0,0.0,1.0,0.0,-23.5234284,-46.1926671
01-04-2020,35,MOGI GUAÇU,1.0,0.0,0.0,0.0,-22.372222,-46.9425
01-04-2020,35,NOVA ODESSA,1.0,0.0,0.0,0.0,-22.783186,-47.294059
01-04-2020,35,OSASCO,43.0,2.0,10.0,0.0,-23.5324859,-46.7916801
01-04-2020,35,OUTRO ESTADO,37.0,0.0,19.0,0.0,-25.3817431,-49.287191
01-04-2020,35,OUTRO PAÍS,18.0,0.0,-13.0,0.0,,
01-04-2020,35,PAULÍNIA,1.0,0.0,0.0,0.0,-22.7630391,-47.1532213
01-04-2020,35,PENÁPOLIS,1.0,0.0,0.0,0.0,-21.4192406,-50.0765588
01-04-2020,35,PIRACICABA,5.0,0.0,0.0,0.0,-22.72528,-47.64917
01-04-2020,35,PIRAJUÍ,1.0,0.0,0.0,0.0,-21.9957877,-49.4549675
01-04-2020,35,PORTO FELIZ,1.0,0.0,0.0,0.0,-23.2137274,-47.5190176
01-04-2020,35,POÁ,1.0,0.0,0.0,0.0,-23.5249082,-46.3445663
01-04-2020,35,PRAIA GRANDE,1.0,0.0,,,-24.005833,-46.402778
01-04-2020,35,RIBEIRÃO PIRES,1.0,0.0,0.0,0.0,-23.7129388,-46.4150871
01-04-2020,35,RIBEIRÃO PRETO,8.0,1.0,2.0,0.0,-21.178333,-47.8066671
01-04-2020,35,RIO CLARO,1.0,0.0,0.0,0.0,-22.4100108,-47.5603933
01-04-2020,35,SALTO DE PIRAPORA,1.0,0.0,0.0,0.0,-23.6492626,-47.5729991
01-04-2020,35,SANTA ISABEL,1.0,0.0,0.0,0.0,-23.3194222,-46.2271903
01-04-2020,35,SANTANA DE PARNAÍBA,18.0,0.0,1.0,0.0,-23.4446715,-46.9167722
01-04-2020,35,SANTO ANDRÉ,51.0,2.0,3.0,1.0,-23.6573395,-46.5322504
01-04-2020,35,SANTOS,23.0,0.0,9.0,0.0,-23.960833,-46.333889
01-04-2020,35,SOROCABA,3.0,1.0,0.0,0.0,-23.501667,-47.458056
01-04-2020,35,SUZANO,4.0,1.0,3.0,1.0,-23.5427842,-46.3108391
01-04-2020,35,SÃO BERNARDO DO CAMPO,52.0,2.0,8.0,1.0,-23.7080345,-46.5506747
01-04-2020,35,SÃO CAETANO DO SUL,32.0,1.0,2.0,0.0,-23.6195923,-46.5688323
01-04-2020,35,SÃO JOSÉ DO RIO PARDO,1.0,0.0,0.0,0.0,-21.595288,-46.887303
01-04-2020,35,SÃO JOSÉ DO RIO PRETO,7.0,0.0,1.0,0.0,-20.8125851,-49.3804212
01-04-2020,35,SÃO JOSÉ DOS CAMPOS,12.0,0.0,3.0,0.0,-23.1805011,-45.8872969
01-04-2020,35,SÃO PAULO,2418.0,144.0,533.0,23.0,-23.5506507,-46.6333824
01-04-2020,35,SÃO PEDRO,1.0,0.0,0.0,0.0,-22.5512765,-47.9072359
01-04-2020,35,SÃO SEBASTIAO,3.0,1.0,1.0,1.0,-23.8027866,-45.4070527
01-04-2020,35,SÃO VICENTE,2.0,0.0,1.0,0.0,-23.9603686,-46.3847024
01-04-2020,35,TABOÃO DA SERRA,22.0,1.0,10.0,0.0,-23.6121912,-46.7790539
01-04-2020,35,TATUÍ,1.0,0.0,0.0,0.0,-23.3514733,-47.8552438
01-04-2020,35,TAUBATÉ,1.0,0.0,0.0,0.0,-23.031448,-45.5612792
01-04-2020,35,VALINHOS,1.0,0.0,0.0,0.0,-22.97056,-46.99583
01-04-2020,35,VARGEM GRANDE PAULISTA,2.0,1.0,0.0,0.0,-23.599338,-47.022038
01-04-2020,35,VINHEDO,1.0,0.0,0.0,0.0,-23.0295183,-46.9756292
01-04-2020,35,VOTORANTIM,1.0,0.0,0.0,0.0,-23.5466667,-47.4377778
01-04-2020,35,VOTUPORANGA,1.0,0.0,0.0,0.0,-20.4252506,-49.97226
02-04-2020,36, AGUDOS,1.0,0.0,,,-22.471162,-48.987822
02-04-2020,36, AMERICANA,2.0,0.0,0.0,0.0,-22.7392463,-47.3306032
02-04-2020,36, ARARAQUARA,1.0,0.0,,,-21.7886713,-48.1773096
02-04-2020,36, ARAÇATUBA,2.0,0.0,,,-21.207992,-50.4390225
02-04-2020,36, ARUJÁ,4.0,1.0,2.0,1.0,-23.396266,-46.3175449
02-04-2020,36, ASSIS,1.0,0.0,,,-22.6620892,-50.420623
02-04-2020,36, BARUERI,26.0,0.0,5.0,0.0,-23.5112184,-46.8764612
02-04-2020,36, BRODOWSKI,1.0,0.0,0.0,0.0,-20.984532,-47.657217
02-04-2020,36, CACHOEIRA PAULISTA,1.0,0.0,0.0,0.0,-22.666498,-45.015384
02-04-2020,36, CAIEIRAS,15.0,1.0,4.0,0.0,-23.3644621,-46.7484765
02-04-2020,36, CAJAMAR,1.0,0.0,0.0,0.0,-23.3561111,-46.8769444
02-04-2020,36, CAMPINAS,23.0,1.0,1.0,0.0,-22.90556,-47.06083
02-04-2020,36, CARAPICUÍBA,11.0,1.0,4.0,1.0,-23.5234673,-46.8406808
02-04-2020,36, COTIA,23.0,2.0,2.0,0.0,-23.603889,-46.918889
02-04-2020,36, DRACENA,1.0,0.0,,,-21.4835523,-51.5334408
02-04-2020,36, EMBU DAS ARTES,14.0,1.0,6.0,0.0,-23.6495294,-46.8528497
02-04-2020,36, FERRAZ DE VASCONCELOS,12.0,0.0,3.0,0.0,-23.541056,-46.37097
02-04-2020,36, FRANCA,1.0,0.0,,,-20.5381768,-47.4009795
02-04-2020,36, FRANCISCO MORATO,3.0,1.0,,,-23.2817308,-46.7448996
02-04-2020,36, FRANCO DA ROCHA,6.0,0.0,2.0,0.0,-23.3328038,-46.724446
02-04-2020,36, GUARUJÁ,3.0,0.0,2.0,0.0,-23.9927768,-46.2558332
02-04-2020,36, GUARULHOS,35.0,2.0,10.0,0.0,-23.4430602,-46.524459
02-04-2020,36, HORTOLÂNDIA,1.0,0.0,0.0,0.0,-22.85833,-47.22
02-04-2020,36, INDAIATUBA,2.0,0.0,0.0,0.0,-23.09028,-47.21806
02-04-2020,36, IRACEMÁPOLIS,1.0,0.0,0.0,0.0,-22.583234,-47.522963
02-04-2020,36, ITANHAÉM,2.0,0.0,0.0,0.0,-24.1848847,-46.7921572
02-04-2020,36, ITAPECERICA DA SERRA,4.0,0.0,0.0,0.0,-23.7176303,-46.8492435
02-04-2020,36, ÁGUAS DE LINDÓIA,1.0,0.0,,,-22.4718855,-46.6291034
02-04-2020,36,IGNORADO,4.0,0.0,0.0,0.0,,
02-04-2020,36,ITAPEVI,6.0,0.0,,,-23.54888,-46.933889
02-04-2020,36,ITAQUAQUECETUBA,5.0,0.0,,,-23.4754492,-46.3514033
02-04-2020,36,ITARARÉ,1.0,0.0,,,-24.1145368,-49.3352464
02-04-2020,36,ITU,1.0,0.0,,,-23.2638828,-47.298892
02-04-2020,36,ITUPEVA,1.0,0.0,,,-23.1531055,-47.0580347
02-04-2020,36,JAGUARIÚNA,1.0,0.0,0.0,0.0,-22.70374,-46.985062
02-04-2020,36,JANDIRA,2.0,0.0,0.0,0.0,-23.5282044,-46.9019554
02-04-2020,36,JAÚ,1.0,0.0,,,-22.293585,-48.559193
02-04-2020,36,JUNDIAÍ,5.0,0.0,0.0,0.0,-23.1887866,-46.8845122
02-04-2020,36,LENÇÓIS PAULISTA,1.0,0.0,0.0,0.0,-22.6029897,-48.8031367
02-04-2020,36,LIMEIRA,2.0,0.0,0.0,0.0,-22.5615068,-47.401766
02-04-2020,36,LOUVEIRA,1.0,0.0,0.0,0.0,-23.08639,-46.95056
02-04-2020,36,MAIRIPORÃ,3.0,0.0,1.0,0.0,-23.3186111,-46.5866667
02-04-2020,36,MATÃO,2.0,0.0,1.0,0.0,-21.6033611,-48.3660603
02-04-2020,36,MAUÁ,7.0,0.0,4.0,0.0,-23.6669527,-46.4616922
02-04-2020,36,MOGI DAS CRUZES,13.0,0.0,2.0,0.0,-23.5234284,-46.1926671
02-04-2020,36,MOGI GUAÇU,1.0,0.0,0.0,0.0,-22.372222,-46.9425
02-04-2020,36,NOVA ODESSA,1.0,0.0,0.0,0.0,-22.783186,-47.294059
02-04-2020,36,OSASCO,51.0,3.0,8.0,1.0,-23.5324859,-46.7916801
02-04-2020,36,OUTRO ESTADO,38.0,0.0,1.0,0.0,-25.3817431,-49.287191
02-04-2020,36,OUTRO PAÍS,33.0,0.0,15.0,0.0,,
02-04-2020,36,PAULÍNIA,1.0,0.0,0.0,0.0,-22.7630391,-47.1532213
02-04-2020,36,PENÁPOLIS,1.0,0.0,0.0,0.0,-21.4192406,-50.0765588
02-04-2020,36,PIRACICABA,6.0,0.0,1.0,0.0,-22.72528,-47.64917
02-04-2020,36,PIRAJUÍ,1.0,0.0,0.0,0.0,-21.9957877,-49.4549675
02-04-2020,36,PORTO FELIZ,1.0,0.0,0.0,0.0,-23.2137274,-47.5190176
02-04-2020,36,POÁ,2.0,0.0,1.0,0.0,-23.5249082,-46.3445663
02-04-2020,36,PRAIA GRANDE,1.0,0.0,0.0,0.0,-24.005833,-46.402778
02-04-2020,36,RIBEIRÃO PIRES,2.0,0.0,1.0,0.0,-23.7129388,-46.4150871
02-04-2020,36,RIBEIRÃO PRETO,11.0,1.0,3.0,0.0,-21.178333,-47.8066671
02-04-2020,36,SALTO DE PIRAPORA,1.0,0.0,0.0,0.0,-23.6492626,-47.5729991
02-04-2020,36,SANTA ISABEL,1.0,0.0,0.0,0.0,-23.3194222,-46.2271903
02-04-2020,36,SANTANA DE PARNAÍBA,20.0,0.0,2.0,0.0,-23.4446715,-46.9167722
02-04-2020,36,SANTO ANDRÉ,59.0,2.0,8.0,0.0,-23.6573395,-46.5322504
02-04-2020,36,SANTOS,37.0,0.0,14.0,0.0,-23.960833,-46.333889
02-04-2020,36,SOROCABA,3.0,1.0,0.0,0.0,-23.501667,-47.458056
02-04-2020,36,SUZANO,5.0,1.0,1.0,0.0,-23.5427842,-46.3108391
02-04-2020,36,SÃO BERNARDO DO CAMPO,59.0,2.0,7.0,0.0,-23.7080345,-46.5506747
02-04-2020,36,SÃO CAETANO DO SUL,33.0,1.0,1.0,0.0,-23.6195923,-46.5688323
02-04-2020,36,SÃO JOSÉ DO RIO PARDO,1.0,0.0,0.0,0.0,-21.595288,-46.887303
02-04-2020,36,SÃO JOSÉ DO RIO PRETO,7.0,0.0,0.0,0.0,-20.8125851,-49.3804212
02-04-2020,36,SÃO JOSÉ DOS CAMPOS,14.0,0.0,2.0,0.0,-23.1805011,-45.8872969
02-04-2020,36,SÃO PAULO,2815.0,164.0,397.0,20.0,-23.5506507,-46.6333824
02-04-2020,36,SÃO SEBASTIÃO,3.0,0.0,1.0,0.0,-23.8027866,-45.4070527
02-04-2020,36,SÃO VICENTE,3.0,1.0,1.0,1.0,-23.9603686,-46.3847024
02-04-2020,36,TABOÃO DA SERRA,29.0,1.0,7.0,0.0,-23.6121912,-46.7790539
02-04-2020,36,TATUÍ,1.0,0.0,0.0,0.0,-23.3514733,-47.8552438
02-04-2020,36,TAUBATÉ,1.0,0.0,0.0,0.0,-23.031448,-45.5612792
02-04-2020,36,VALINHOS,3.0,0.0,2.0,0.0,-22.97056,-46.99583
02-04-2020,36,VARGEM GRANDE PAULISTA,3.0,1.0,1.0,0.0,-23.599338,-47.022038
02-04-2020,36,VINHEDO,1.0,0.0,0.0,0.0,-23.0295183,-46.9756292
02-04-2020,36,VOTORANTIM,2.0,0.0,1.0,0.0,-23.5466667,-47.4377778
02-04-2020,36,VOTUPORANGA,1.0,0.0,0.0,0.0,-20.4252506,-49.97226
03-04-2020,37, ADAMANTINA,1.0,0.0,,,-21.6866517,-51.0762975
03-04-2020,37, AGUDOS,1.0,0.0,0.0,0.0,-22.471162,-48.987822
03-04-2020,37, AMERICANA,2.0,0.0,0.0,0.0,-22.7392463,-47.3306032
03-04-2020,37, ARARAQUARA,2.0,0.0,1.0,0.0,-21.7886713,-48.1773096
03-04-2020,37, ARAÇATUBA,2.0,0.0,0.0,0.0,-21.207992,-50.4390225
03-04-2020,37, ARUJÁ,4.0,1.0,0.0,0.0,-23.396266,-46.3175449
03-04-2020,37, ASSIS,1.0,0.0,0.0,0.0,-22.6620892,-50.420623
03-04-2020,37, ATIBAIA,2.0,0.0,,,-23.1177393,-46.5547861
03-04-2020,37, BARUERI,28.0,1.0,2.0,1.0,-23.5112184,-46.8764612
03-04-2020,37, BAURU,2.0,0.0,0.0,0.0,-22.3218102,-49.0705863
03-04-2020,37, BRODOWSKI,1.0,0.0,0.0,0.0,-20.984532,-47.657217
03-04-2020,37, CACHOEIRA PAULISTA,1.0,0.0,0.0,0.0,-22.666498,-45.015384
03-04-2020,37, CAIEIRAS,19.0,1.0,4.0,0.0,-23.3644621,-46.7484765
03-04-2020,37, CAJAMAR,1.0,0.0,0.0,0.0,-23.3561111,-46.8769444
03-04-2020,37, CAMPINAS,24.0,1.0,1.0,0.0,-22.90556,-47.06083
03-04-2020,37, CARAPICUÍBA,11.0,1.0,0.0,0.0,-23.5234673,-46.8406808
03-04-2020,37, COTIA,27.0,2.0,4.0,0.0,-23.603889,-46.918889
03-04-2020,37, CRAVINHOS,1.0,1.0,,,-21.340278,-47.729444
03-04-2020,37, DIADEMA,20.0,1.0,12.0,1.0,-23.681347,-46.62052
03-04-2020,37, DRACENA,1.0,0.0,0.0,0.0,-21.4835523,-51.5334408
03-04-2020,37, EMBU DAS ARTES,18.0,1.0,4.0,0.0,-23.6495294,-46.8528497
03-04-2020,37, FERRAZ DE VASCONCELOS,14.0,0.0,2.0,0.0,-23.541056,-46.37097
03-04-2020,37, FRANCA,2.0,0.0,1.0,0.0,-20.5381768,-47.4009795
03-04-2020,37, FRANCISCO MORATO,7.0,0.0,4.0,-1.0,-23.2817308,-46.7448996
03-04-2020,37, FRANCO DA ROCHA,6.0,1.0,0.0,1.0,-23.3328038,-46.724446
03-04-2020,37, GUARUJÁ,3.0,0.0,0.0,0.0,-23.9927768,-46.2558332
03-04-2020,37, GUARULHOS,52.0,2.0,17.0,0.0,-23.4430602,-46.524459
03-04-2020,37, HORTOLÂNDIA,1.0,0.0,0.0,0.0,-22.85833,-47.22
03-04-2020,37, INDAIATUBA,2.0,0.0,0.0,0.0,-23.09028,-47.21806
03-04-2020,37, ÁGUAS DE LINDÓIA,1.0,0.0,0.0,0.0,-22.4718855,-46.6291034
03-04-2020,37,IGNORADO,6.0,0.0,2.0,0.0,,
03-04-2020,37,IRACEMÁPOLIS,1.0,0.0,,,-22.583234,-47.522963
03-04-2020,37,ITANHAÉM,2.0,0.0,,,-24.1848847,-46.7921572
03-04-2020,37,ITAPECERICA DA SERRA,6.0,1.0,,,-23.7176303,-46.8492435
03-04-2020,37,ITAPEVI,6.0,0.0,0.0,0.0,-23.54888,-46.933889
03-04-2020,37,ITAQUAQUECETUBA,9.0,0.0,4.0,0.0,-23.4754492,-46.3514033
03-04-2020,37,ITARARÉ,1.0,0.0,0.0,0.0,-24.1145368,-49.3352464
03-04-2020,37,ITU,1.0,0.0,0.0,0.0,-23.2638828,-47.298892
03-04-2020,37,ITUPEVA,1.0,0.0,0.0,0.0,-23.1531055,-47.0580347
03-04-2020,37,JABOTICABAL,3.0,1.0,,,-21.252037,-48.325223
03-04-2020,37,JAGUARIUNA,1.0,0.0,,,-22.70374,-46.985062
03-04-2020,37,JANDIRA,2.0,0.0,0.0,0.0,-23.5282044,-46.9019554
03-04-2020,37,JAÚ,1.0,0.0,0.0,0.0,-22.293585,-48.559193
03-04-2020,37,JUNDIAÍ,6.0,0.0,1.0,0.0,-23.1887866,-46.8845122
03-04-2020,37,LENÇÓIS PAULISTA,1.0,0.0,0.0,0.0,-22.6029897,-48.8031367
03-04-2020,37,LIMEIRA,2.0,0.0,0.0,0.0,-22.5615068,-47.401766
03-04-2020,37,LOUVEIRA,1.0,0.0,0.0,0.0,-23.08639,-46.95056
03-04-2020,37,MAIRIPORÃ,3.0,0.0,0.0,0.0,-23.3186111,-46.5866667
03-04-2020,37,MARÍLIA,1.0,0.0,,,-22.217108,-49.95006
03-04-2020,37,MATÃO,2.0,0.0,0.0,0.0,-21.6033611,-48.3660603
03-04-2020,37,MAUÁ,10.0,0.0,3.0,0.0,-23.6669527,-46.4616922
03-04-2020,37,MOGI DAS CRUZES,16.0,1.0,3.0,1.0,-23.5234284,-46.1926671
03-04-2020,37,MOGI GUAÇU,1.0,0.0,0.0,0.0,-22.372222,-46.9425
03-04-2020,37,OSASCO,57.0,3.0,6.0,0.0,-23.5324859,-46.7916801
03-04-2020,37,OUTRO ESTADO,28.0,0.0,-10.0,0.0,-25.3817431,-49.287191
03-04-2020,37,OUTRO PAÍS,35.0,0.0,2.0,0.0,,
03-04-2020,37,PAULÍNIA,1.0,0.0,0.0,0.0,-22.7630391,-47.1532213
03-04-2020,37,PENAPOLIS,1.0,0.0,,,-21.4192406,-50.0765588
03-04-2020,37,PIRACICABA,5.0,0.0,-1.0,0.0,-22.72528,-47.64917
03-04-2020,37,PIRAJUI,1.0,0.0,,,-21.9957877,-49.4549675
03-04-2020,37,PORTO FELIZ,1.0,0.0,0.0,0.0,-23.2137274,-47.5190176
03-04-2020,37,POÁ,3.0,0.0,1.0,0.0,-23.5249082,-46.3445663
03-04-2020,37,PRAIA GRANDE,2.0,0.0,1.0,0.0,-24.005833,-46.402778
03-04-2020,37,PROMISSÃO,1.0,0.0,,,-21.5404913,-49.8574709
03-04-2020,37,RIBEIRÃO PIRES,4.0,0.0,2.0,0.0,-23.7129388,-46.4150871
03-04-2020,37,RIBEIRÃO PRETO,15.0,1.0,4.0,0.0,-21.178333,-47.8066671
03-04-2020,37,RIO CLARO,1.0,0.0,0.0,0.0,-22.4100108,-47.5603933
03-04-2020,37,SALTO DE PIRAPORA,1.0,0.0,0.0,0.0,-23.6492626,-47.5729991
03-04-2020,37,SANTA ISABEL,1.0,0.0,0.0,0.0,-23.3194222,-46.2271903
03-04-2020,37,SANTANA DE PARNAÍBA,22.0,0.0,2.0,0.0,-23.4446715,-46.9167722
03-04-2020,37,SANTO ANDRÉ,70.0,2.0,11.0,0.0,-23.6573395,-46.5322504
03-04-2020,37,SANTOS,55.0,0.0,18.0,0.0,-23.960833,-46.333889
03-04-2020,37,SOROCABA,8.0,2.0,5.0,1.0,-23.501667,-47.458056
03-04-2020,37,SUZANO,6.0,1.0,1.0,0.0,-23.5427842,-46.3108391
03-04-2020,37,SÃO BERNARDO DO CAMPO,70.0,4.0,11.0,2.0,-23.7080345,-46.5506747
03-04-2020,37,SÃO CAETANO DO SUL,36.0,1.0,3.0,0.0,-23.6195923,-46.5688323
03-04-2020,37,SÃO JOSÉ DO RIO PARDO,1.0,0.0,0.0,0.0,-21.595288,-46.887303
03-04-2020,37,SÃO JOSÉ DO RIO PRETO,7.0,0.0,0.0,0.0,-20.8125851,-49.3804212
03-04-2020,37,SÃO JOSÉ DOS CAMPOS,20.0,0.0,6.0,0.0,-23.1805011,-45.8872969
03-04-2020,37,SÃO PAULO,3202.0,186.0,387.0,22.0,-23.5506507,-46.6333824
03-04-2020,37,SÃO SEBASTIAO,3.0,1.0,0.0,0.0,-23.8027866,-45.4070527
03-04-2020,37,SÃO VICENTE,4.0,0.0,1.0,-1.0,-23.9603686,-46.3847024
03-04-2020,37,TABOÃO DA SERRA,34.0,1.0,5.0,0.0,-23.6121912,-46.7790539
03-04-2020,37,TATUÍ,1.0,0.0,0.0,0.0,-23.3514733,-47.8552438
03-04-2020,37,TAUBATÉ,1.0,0.0,0.0,0.0,-23.031448,-45.5612792
03-04-2020,37,VALINHOS,3.0,0.0,0.0,0.0,-22.97056,-46.99583
03-04-2020,37,VARGEM GRANDE PAULISTA,4.0,1.0,1.0,0.0,-23.599338,-47.022038
03-04-2020,37,VINHEDO,1.0,0.0,0.0,0.0,-23.0295183,-46.9756292
03-04-2020,37,VOTORANTIM,2.0,0.0,0.0,0.0,-23.5466667,-47.4377778
03-04-2020,37,VOTUPORANGA,1.0,0.0,0.0,0.0,-20.4252506,-49.97226
04-04-2020,38, ADAMANTINA,1.0,0.0,0.0,0.0,-21.6866517,-51.0762975
04-04-2020,38, AGUDOS,1.0,0.0,0.0,0.0,-22.471162,-48.987822
04-04-2020,38, AMERICANA,3.0,1.0,1.0,1.0,-22.7392463,-47.3306032
04-04-2020,38, ARARAQUARA,2.0,0.0,0.0,0.0,-21.7886713,-48.1773096
04-04-2020,38, ARAÇATUBA,4.0,0.0,2.0,0.0,-21.207992,-50.4390225
04-04-2020,38, ARUJÁ,5.0,1.0,1.0,0.0,-23.396266,-46.3175449
04-04-2020,38, ASSIS,1.0,0.0,0.0,0.0,-22.6620892,-50.420623
04-04-2020,38, ATIBAIA,3.0,0.0,1.0,0.0,-23.1177393,-46.5547861
04-04-2020,38, BARUERI,29.0,1.0,1.0,0.0,-23.5112184,-46.8764612
04-04-2020,38, BAURU,2.0,0.0,0.0,0.0,-22.3218102,-49.0705863
04-04-2020,38, BOTUCATU,7.0,0.0,,,-22.8879628,-48.4410712
04-04-2020,38, BRODOWSKI,1.0,0.0,0.0,0.0,-20.984532,-47.657217
04-04-2020,38, CACHOEIRA PAULISTA,1.0,0.0,0.0,0.0,-22.666498,-45.015384
04-04-2020,38, CAIEIRAS,19.0,1.0,0.0,0.0,-23.3644621,-46.7484765
04-04-2020,38, CAJAMAR,1.0,0.0,0.0,0.0,-23.3561111,-46.8769444
04-04-2020,38, CAMPINAS,26.0,4.0,2.0,3.0,-22.90556,-47.06083
04-04-2020,38, CARAPICUIBA,11.0,1.0,9.0,1.0,-23.5234673,-46.8406808
04-04-2020,38, CEDRAL,1.0,0.0,,,-20.9028433,-49.2699665
04-04-2020,38, COTIA,28.0,2.0,1.0,0.0,-23.603889,-46.918889
04-04-2020,38, CRAVINHOS,2.0,1.0,1.0,0.0,-21.340278,-47.729444
04-04-2020,38, DIADEMA,23.0,1.0,3.0,0.0,-23.681347,-46.62052
04-04-2020,38, DRACENA,1.0,1.0,0.0,1.0,-21.4835523,-51.5334408
04-04-2020,38, EMBU DAS ARTES,19.0,1.0,1.0,0.0,-23.6495294,-46.8528497
04-04-2020,38, FERRAZ DE VASCONCELOS,15.0,0.0,1.0,0.0,-23.541056,-46.37097
04-04-2020,38, FRANCA,2.0,0.0,0.0,0.0,-20.5381768,-47.4009795
04-04-2020,38, FRANCISCO MORATO,8.0,1.0,1.0,1.0,-23.2817308,-46.7448996
04-04-2020,38, FRANCO DA ROCHA,7.0,1.0,1.0,0.0,-23.3328038,-46.724446
04-04-2020,38, GUARARAPES,2.0,0.0,,,-21.2537115,-50.6441746
04-04-2020,38, GUARUJÁ,3.0,0.0,0.0,0.0,-23.9927768,-46.2558332
04-04-2020,38, GUARULHOS,62.0,5.0,10.0,3.0,-23.4430602,-46.524459
04-04-2020,38, HORTOLÂNDIA,1.0,0.0,0.0,0.0,-22.85833,-47.22
04-04-2020,38, INDAIATUBA,2.0,0.0,0.0,0.0,-23.09028,-47.21806
04-04-2020,38, ÁGUAS DE LINDÓIA,1.0,0.0,0.0,0.0,-22.4718855,-46.6291034
04-04-2020,38,IGN,7.0,0.0,,,48.8450278,2.4244142869655882
04-04-2020,38,IRACEMÁPOLIS,1.0,0.0,0.0,0.0,-22.583234,-47.522963
04-04-2020,38,ITANHAÉM,2.0,0.0,0.0,0.0,-24.1848847,-46.7921572
04-04-2020,38,ITAPECERICA DA SERRA,9.0,1.0,3.0,0.0,-23.7176303,-46.8492435
04-04-2020,38,ITAPEVI,7.0,1.0,1.0,1.0,-23.54888,-46.933889
04-04-2020,38,ITAPIRA,1.0,0.0,,,-22.436111,-46.821667
04-04-2020,38,ITAQUAQUECETUBA,10.0,0.0,1.0,0.0,-23.4754492,-46.3514033
04-04-2020,38,ITARARÉ,1.0,0.0,0.0,0.0,-24.1145368,-49.3352464
04-04-2020,38,ITU,1.0,0.0,0.0,0.0,-23.2638828,-47.298892
04-04-2020,38,ITUPEVA,1.0,0.0,0.0,0.0,-23.1531055,-47.0580347
04-04-2020,38,JABOTICABAL,3.0,1.0,0.0,0.0,-21.252037,-48.325223
04-04-2020,38,JAGUARIÚNA,1.0,0.0,0.0,0.0,-22.70374,-46.985062
04-04-2020,38,JANDIRA,2.0,0.0,0.0,0.0,-23.5282044,-46.9019554
04-04-2020,38,JAÚ,1.0,0.0,0.0,0.0,-22.293585,-48.559193
04-04-2020,38,JOSÉ BONIFACIO,1.0,0.0,,,-23.564090999999998,-46.434766582997995
04-04-2020,38,JUNDIAÍ,6.0,0.0,0.0,0.0,-23.1887866,-46.8845122
04-04-2020,38,LENÇÓIS PAULISTA,1.0,0.0,0.0,0.0,-22.6029897,-48.8031367
04-04-2020,38,LIMEIRA,2.0,0.0,0.0,0.0,-22.5615068,-47.401766
04-04-2020,38,LOUVEIRA,1.0,0.0,0.0,0.0,-23.08639,-46.95056
04-04-2020,38,MAIRIPORÃ,4.0,1.0,1.0,1.0,-23.3186111,-46.5866667
04-04-2020,38,MARÍLIA,1.0,0.0,0.0,0.0,-22.217108,-49.95006
04-04-2020,38,MATÃO,2.0,0.0,0.0,0.0,-21.6033611,-48.3660603
04-04-2020,38,MAUÁ,15.0,0.0,5.0,0.0,-23.6669527,-46.4616922
04-04-2020,38,MOGI DAS CRUZES,17.0,1.0,1.0,0.0,-23.5234284,-46.1926671
04-04-2020,38,MOGI GUAÇÚ,1.0,0.0,,,-22.372222,-46.9425
04-04-2020,38,NOVA ODESSA,1.0,1.0,0.0,1.0,-22.783186,-47.294059
04-04-2020,38,ORLÂNDIA,1.0,0.0,,,-20.720278,-47.886667
04-04-2020,38,OSASCO,62.0,2.0,5.0,-1.0,-23.5324859,-46.7916801
04-04-2020,38,OUTRO ESTADO,34.0,0.0,6.0,0.0,-25.3817431,-49.287191
04-04-2020,38,OUTRO PAÍS,35.0,0.0,0.0,0.0,,
04-04-2020,38,PARIQUERA AÇU,1.0,0.0,,,-24.7146891,-47.8802361
04-04-2020,38,PAULÍNIA,2.0,0.0,1.0,0.0,-22.7630391,-47.1532213
04-04-2020,38,PENÁPOLIS,1.0,1.0,0.0,1.0,-21.4192406,-50.0765588
04-04-2020,38,PIRACICABA,6.0,0.0,1.0,0.0,-22.72528,-47.64917
04-04-2020,38,PIRAJUÍ,1.0,0.0,0.0,0.0,-21.9957877,-49.4549675
04-04-2020,38,POÁ,3.0,0.0,0.0,0.0,-23.5249082,-46.3445663
04-04-2020,38,PRAIA GRANDE,4.0,0.0,2.0,0.0,-24.005833,-46.402778
04-04-2020,38,PROMISSÃO,1.0,0.0,0.0,0.0,-21.5404913,-49.8574709
04-04-2020,38,RIBEIRÃO PIRES,4.0,0.0,0.0,0.0,-23.7129388,-46.4150871
04-04-2020,38,RIBEIRÃO PRETO,24.0,1.0,9.0,0.0,-21.178333,-47.8066671
04-04-2020,38,RIO CLARO,2.0,0.0,1.0,0.0,-22.4100108,-47.5603933
04-04-2020,38,SALTO DE PIRAPORA,1.0,0.0,0.0,0.0,-23.6492626,-47.5729991
04-04-2020,38,SANTA BRANCA,2.0,0.0,,,-23.3974353,-45.8842294
04-04-2020,38,SANTA ISABEL,1.0,0.0,0.0,0.0,-23.3194222,-46.2271903
04-04-2020,38,SANTANA DE PARNAÍBA,24.0,0.0,2.0,0.0,-23.4446715,-46.9167722
04-04-2020,38,SANTO ANDRÉ,76.0,3.0,6.0,1.0,-23.6573395,-46.5322504
04-04-2020,38,SANTOS,66.0,2.0,11.0,2.0,-23.960833,-46.333889
04-04-2020,38,SOROCABA,8.0,2.0,0.0,0.0,-23.501667,-47.458056
04-04-2020,38,SUZANO,8.0,0.0,2.0,-1.0,-23.5427842,-46.3108391
04-04-2020,38,SÃO BERNARDO DO CAMPO,77.0,4.0,7.0,0.0,-23.7080345,-46.5506747
04-04-2020,38,SÃO CAETANO DO SUL,38.0,1.0,2.0,0.0,-23.6195923,-46.5688323
04-04-2020,38,SÃO JOSE DO RIO PARDO,1.0,0.0,,,-21.595288,-46.887303
04-04-2020,38,SÃO JOSE DO RIO PRETO,9.0,0.0,6.0,0.0,-20.8125851,-49.3804212
04-04-2020,38,SÃO JOSÉ DOS CAMPOS,24.0,0.0,4.0,0.0,-23.1805011,-45.8872969
04-04-2020,38,SÃO MANUEL,1.0,0.0,,,-22.732081,-48.572316
04-04-2020,38,SÃO PAULO,3496.0,212.0,294.0,26.0,-23.5506507,-46.6333824
04-04-2020,38,SÃO SEBASTIÃO,3.0,1.0,0.0,1.0,-23.8027866,-45.4070527
04-04-2020,38,SÃO VICENTE,5.0,0.0,1.0,0.0,-23.9603686,-46.3847024
04-04-2020,38,TABOÃO DA SERRA,39.0,2.0,5.0,1.0,-23.6121912,-46.7790539
04-04-2020,38,TATUÍ,1.0,0.0,0.0,0.0,-23.3514733,-47.8552438
04-04-2020,38,TAUBATÉ,1.0,0.0,0.0,0.0,-23.031448,-45.5612792
04-04-2020,38,VALINHOS,3.0,0.0,0.0,0.0,-22.97056,-46.99583
04-04-2020,38,VARGEM GRANDE PAULISTA,4.0,1.0,0.0,0.0,-23.599338,-47.022038
04-04-2020,38,VINHEDO,1.0,0.0,0.0,0.0,-23.0295183,-46.9756292
04-04-2020,38,VOTORANTIM,2.0,0.0,0.0,0.0,-23.5466667,-47.4377778
04-04-2020,38,VOTUPORANGA,1.0,0.0,0.0,0.0,-20.4252506,-49.97226
05-04-2020,39, AGUAS DE LINDOIA,1.0,0.0,,,-22.4718855,-46.6291034
05-04-2020,39, AGUDOS,1.0,0.0,0.0,0.0,-22.471162,-48.987822
05-04-2020,39, AMERICANA,3.0,2.0,0.0,1.0,-22.7392463,-47.3306032
05-04-2020,39, ARARAQUARA,2.0,0.0,0.0,0.0,-21.7886713,-48.1773096
05-04-2020,39, ARCATUBA,4.0,0.0,,,,
05-04-2020,39, ARUJA,6.0,1.0,,,-23.396266,-46.3175449
05-04-2020,39, ASSIS,1.0,0.0,0.0,0.0,-22.6620892,-50.420623
05-04-2020,39, ATIBAIA,4.0,0.0,1.0,0.0,-23.1177393,-46.5547861
05-04-2020,39, BARUERI,30.0,1.0,1.0,0.0,-23.5112184,-46.8764612
05-04-2020,39, BAURU,3.0,1.0,1.0,1.0,-22.3218102,-49.0705863
05-04-2020,39, BOTUCATU,7.0,0.0,0.0,0.0,-22.8879628,-48.4410712
05-04-2020,39, BRODOWSKI,1.0,0.0,0.0,0.0,-20.984532,-47.657217
05-04-2020,39, CACHOEIRA PAULISTA,1.0,0.0,0.0,0.0,-22.666498,-45.015384
05-04-2020,39, CAIEIRAS,20.0,1.0,1.0,0.0,-23.3644621,-46.7484765
05-04-2020,39, CAJAMAR,1.0,0.0,0.0,0.0,-23.3561111,-46.8769444
05-04-2020,39, CAMPINAS,26.0,4.0,0.0,0.0,-22.90556,-47.06083
05-04-2020,39, CARAPICUIBA,14.0,1.0,3.0,0.0,-23.5234673,-46.8406808
05-04-2020,39, CEDRAL,1.0,0.0,0.0,0.0,-20.9028433,-49.2699665
05-04-2020,39, COTIA,29.0,3.0,1.0,1.0,-23.603889,-46.918889
05-04-2020,39, CRAVINHOS,2.0,1.0,0.0,0.0,-21.340278,-47.729444
05-04-2020,39, DIADEMA,24.0,1.0,1.0,0.0,-23.681347,-46.62052
05-04-2020,39, DRACENA,1.0,1.0,0.0,0.0,-21.4835523,-51.5334408
05-04-2020,39, EMBU DAS ARTES,20.0,1.0,1.0,0.0,-23.6495294,-46.8528497
05-04-2020,39, FERRAZ  DE VASCONCELOS,15.0,0.0,,,-23.541056,-46.37097
05-04-2020,39, FRANCA,2.0,0.0,0.0,0.0,-20.5381768,-47.4009795
05-04-2020,39, FRANCISCO MORATO,8.0,1.0,0.0,0.0,-23.2817308,-46.7448996
05-04-2020,39, FRANCO DA ROCHA,8.0,1.0,1.0,0.0,-23.3328038,-46.724446
05-04-2020,39, GUARARAPES,2.0,0.0,0.0,0.0,-21.2537115,-50.6441746
05-04-2020,39, GUARUJA,3.0,0.0,,,-23.9927768,-46.2558332
05-04-2020,39, GUARULHOS,62.0,5.0,0.0,0.0,-23.4430602,-46.524459
05-04-2020,39, HORTOLANDIA,1.0,0.0,-1.0,0.0,-22.85833,-47.22
05-04-2020,39, INDAIAUBA,2.0,0.0,,,-23.90877695,-45.3091374983437
05-04-2020,39, IRACEMAPOLIS,1.0,0.0,0.0,0.0,-22.583234,-47.522963
05-04-2020,39, ITANHAEM,2.0,0.0,,,-24.1848847,-46.7921572
05-04-2020,39,IGN,5.0,0.0,-2.0,0.0,48.8450278,2.4244142869655882
05-04-2020,39,ITANHAEM,2.0,0.0,,,-24.1848847,-46.7921572
05-04-2020,39,ITAPECERICA DA SERRA,9.0,1.0,0.0,0.0,-23.7176303,-46.8492435
05-04-2020,39,ITAPETININGA,1.0,0.0,,,-23.588607,-48.048326
05-04-2020,39,ITAPEVI,8.0,1.0,1.0,0.0,-23.54888,-46.933889
05-04-2020,39,ITAPIRA,1.0,0.0,0.0,0.0,-22.436111,-46.821667
05-04-2020,39,ITAQUAQUECETUBA,10.0,0.0,0.0,0.0,-23.4754492,-46.3514033
05-04-2020,39,ITARARE,1.0,0.0,,,-24.1145368,-49.3352464
05-04-2020,39,ITU,1.0,0.0,0.0,0.0,-23.2638828,-47.298892
05-04-2020,39,ITUPEVA,1.0,0.0,0.0,0.0,-23.1531055,-47.0580347
05-04-2020,39,JABOTICABAL,3.0,1.0,0.0,0.0,-21.252037,-48.325223
05-04-2020,39,JAGUARIUNA,1.0,0.0,0.0,0.0,-22.70374,-46.985062
05-04-2020,39,JANDIRA,2.0,0.0,0.0,0.0,-23.5282044,-46.9019554
05-04-2020,39,JAU,1.0,0.0,,,-22.293585,-48.559193
05-04-2020,39,JOSE BONIFACIO,1.0,0.0,,,-23.564090999999998,-46.434766582997995
05-04-2020,39,JUNDIAI,6.0,0.0,5.0,0.0,-23.1887866,-46.8845122
05-04-2020,39,LENCOIS PAULISTA,1.0,0.0,,,-22.6029897,-48.8031367
05-04-2020,39,LIMEIRA,2.0,0.0,0.0,0.0,-22.5615068,-47.401766
05-04-2020,39,LOUVEIRA,1.0,0.0,0.0,0.0,-23.08639,-46.95056
05-04-2020,39,MAIRIPORA,5.0,2.0,,,-23.3186111,-46.5866667
05-04-2020,39,MARILIA,1.0,0.0,,,-22.217108,-49.95006
05-04-2020,39,MATAO,2.0,0.0,,,-21.6033611,-48.3660603
05-04-2020,39,MAUA,16.0,0.0,14.0,0.0,-23.6669527,-46.4616922
05-04-2020,39,MOGI DAS CRUZES,17.0,1.0,0.0,0.0,-23.5234284,-46.1926671
05-04-2020,39,MOGI GUACU,1.0,0.0,,,-22.372222,-46.9425
05-04-2020,39,NOVA ODESSA,1.0,1.0,0.0,0.0,-22.783186,-47.294059
05-04-2020,39,ORLANDIA,1.0,0.0,,,-20.720278,-47.886667
05-04-2020,39,OSASCO,69.0,3.0,7.0,1.0,-23.5324859,-46.7916801
05-04-2020,39,OUTRO ESTADO,34.0,0.0,0.0,0.0,-25.3817431,-49.287191
05-04-2020,39,OUTRO PAIS,34.0,0.0,,,,
05-04-2020,39,PARIQUERA ACU,1.0,0.0,,,-24.7146891,-47.8802361
05-04-2020,39,PAULINIA,2.0,0.0,1.0,0.0,-22.7630391,-47.1532213
05-04-2020,39,PENAPOLIS,1.0,1.0,0.0,1.0,-21.4192406,-50.0765588
05-04-2020,39,PIRACICABA,6.0,0.0,0.0,0.0,-22.72528,-47.64917
05-04-2020,39,PIRAJUI,1.0,0.0,0.0,0.0,-21.9957877,-49.4549675
05-04-2020,39,POA,3.0,0.0,2.0,0.0,-23.5249082,-46.3445663
05-04-2020,39,PRAIA GRANDE,4.0,0.0,0.0,0.0,-24.005833,-46.402778
05-04-2020,39,PROMISSAO,1.0,0.0,,,-21.5404913,-49.8574709
05-04-2020,39,RIBEIRAO PIRES,4.0,0.0,3.0,0.0,-23.7129388,-46.4150871
05-04-2020,39,RIBEIRAO PRETO,25.0,1.0,,,-21.178333,-47.8066671
05-04-2020,39,RIO CLARO,2.0,0.0,0.0,0.0,-22.4100108,-47.5603933
05-04-2020,39,SALTO DE PIRAPORA,1.0,0.0,0.0,0.0,-23.6492626,-47.5729991
05-04-2020,39,SANTA BRANCA,2.0,0.0,0.0,0.0,-23.3974353,-45.8842294
05-04-2020,39,SANTA ISABEL,1.0,0.0,0.0,0.0,-23.3194222,-46.2271903
05-04-2020,39,SANTANA DE PARNAIBA,24.0,0.0,20.0,0.0,-23.4446715,-46.9167722
05-04-2020,39,SANTO ANDRE,72.0,3.0,55.0,3.0,-23.6573395,-46.5322504
05-04-2020,39,SANTOS,72.0,2.0,6.0,0.0,-23.960833,-46.333889
05-04-2020,39,SAO BERNARDO DO CAMPO,81.0,5.0,68.0,5.0,-23.7080345,-46.5506747
05-04-2020,39,SAO CAETANO DO SUL,38.0,1.0,22.0,1.0,-23.6195923,-46.5688323
05-04-2020,39,SAO JOSE DO RIO PRETO,10.0,0.0,9.0,0.0,-20.8125851,-49.3804212
05-04-2020,39,SAO JOSE DOS CAMPOS,30.0,0.0,28.0,0.0,-23.1805011,-45.8872969
05-04-2020,39,SAO MANUEL,1.0,0.0,,,-22.732081,-48.572316
05-04-2020,39,SAO PAULO,3612.0,220.0,2890.0,176.0,-23.5506507,-46.6333824
05-04-2020,39,SAO SEBASTIAO,3.0,1.0,1.0,1.0,-23.8027866,-45.4070527
05-04-2020,39,SAO VICENTE,5.0,0.0,,,-23.9603686,-46.3847024
05-04-2020,39,SOROCABA,9.0,2.0,1.0,0.0,-23.501667,-47.458056
05-04-2020,39,SUZANO,9.0,0.0,1.0,0.0,-23.5427842,-46.3108391
05-04-2020,39,SÃO JOSE DO RIO PARDO,1.0,0.0,0.0,0.0,-21.595288,-46.887303
05-04-2020,39,TABOAO DA SERRA,41.0,3.0,40.0,2.0,-23.6121912,-46.7790539
05-04-2020,39,TATUI,1.0,0.0,,,-23.3514733,-47.8552438
05-04-2020,39,TAUBATE,1.0,0.0,0.0,0.0,-23.031448,-45.5612792
05-04-2020,39,TERRA ROXA,1.0,0.0,,,-20.787015,-48.331442
05-04-2020,39,VALINHOS,3.0,0.0,0.0,0.0,-22.97056,-46.99583
05-04-2020,39,VARGEM GRANDE PAULISTA,4.0,1.0,0.0,0.0,-23.599338,-47.022038
05-04-2020,39,VINHEDO,1.0,0.0,0.0,0.0,-23.0295183,-46.9756292
05-04-2020,39,VOTORANTIM,2.0,0.0,0.0,0.0,-23.5466667,-47.4377778
05-04-2020,39,VOTUPORANGA,1.0,0.0,0.0,0.0,-20.4252506,-49.97226
06-04-2020,40, AGUDOS,1.0,0.0,0.0,0.0,-22.471162,-48.987822
06-04-2020,40, AMERICANA,3.0,2.0,0.0,0.0,-22.7392463,-47.3306032
06-04-2020,40, ARARAQUARA,4.0,0.0,2.0,0.0,-21.7886713,-48.1773096
06-04-2020,40, ARAÇATUBA,8.0,0.0,4.0,0.0,-21.207992,-50.4390225
06-04-2020,40, ARUJÁ,6.0,1.0,1.0,0.0,-23.396266,-46.3175449
06-04-2020,40, ASSIS,1.0,0.0,0.0,0.0,-22.6620892,-50.420623
06-04-2020,40, ATIBAIA,7.0,0.0,3.0,0.0,-23.1177393,-46.5547861
06-04-2020,40, BARUERI,31.0,1.0,1.0,0.0,-23.5112184,-46.8764612
06-04-2020,40, BAURU,6.0,1.0,3.0,0.0,-22.3218102,-49.0705863
06-04-2020,40, BIRIGUI,1.0,0.0,,,-21.2908491,-50.34144
06-04-2020,40, BOITUVA,1.0,0.0,,,-23.2838893,-47.6738231
06-04-2020,40, BOTUCATU,7.0,0.0,0.0,0.0,-22.8879628,-48.4410712
06-04-2020,40, BRODOWSKI,1.0,0.0,0.0,0.0,-20.984532,-47.657217
06-04-2020,40, CACHOEIRA PAULISTA,1.0,0.0,0.0,0.0,-22.666498,-45.015384
06-04-2020,40, CAIEIRAS,22.0,4.0,2.0,3.0,-23.3644621,-46.7484765
06-04-2020,40, CAJAMAR,1.0,0.0,0.0,0.0,-23.3561111,-46.8769444
06-04-2020,40, CAMPINAS,28.0,4.0,2.0,0.0,-22.90556,-47.06083
06-04-2020,40, CARAGUATATUBA,1.0,0.0,,,-23.62028,-45.41306
06-04-2020,40, CARAPICUÍBA,16.0,1.0,5.0,0.0,-23.5234673,-46.8406808
06-04-2020,40, CEDRAL,1.0,0.0,0.0,0.0,-20.9028433,-49.2699665
06-04-2020,40, COTIA,31.0,3.0,2.0,0.0,-23.603889,-46.918889
06-04-2020,40, CRAVINHOS,2.0,1.0,0.0,0.0,-21.340278,-47.729444
06-04-2020,40, DIADEMA,25.0,1.0,1.0,0.0,-23.681347,-46.62052
06-04-2020,40, DRACENA,1.0,1.0,0.0,0.0,-21.4835523,-51.5334408
06-04-2020,40, EMBU DAS ARTES,20.0,1.0,0.0,0.0,-23.6495294,-46.8528497
06-04-2020,40, EMBU GUAÇU,1.0,0.0,,,-23.8317997,-46.8156204
06-04-2020,40, FERRAZ DE VASCONCELOS,16.0,0.0,1.0,0.0,-23.541056,-46.37097
06-04-2020,40, FRANCA,2.0,0.0,0.0,0.0,-20.5381768,-47.4009795
06-04-2020,40, FRANCISCO MORATO,8.0,1.0,0.0,0.0,-23.2817308,-46.7448996
06-04-2020,40, FRANCO DA ROCHA,8.0,1.0,0.0,0.0,-23.3328038,-46.724446
06-04-2020,40, GUARARAPES,2.0,0.0,0.0,0.0,-21.2537115,-50.6441746
06-04-2020,40, GUARUJÁ,3.0,0.0,0.0,0.0,-23.9927768,-46.2558332
06-04-2020,40, GUARULHOS,63.0,6.0,1.0,1.0,-23.4430602,-46.524459
06-04-2020,40, HORTOLÂNDIA,1.0,0.0,0.0,0.0,-22.85833,-47.22
06-04-2020,40, ILHA COMPRIDA,1.0,0.0,,,-24.7445292,-47.5525529
06-04-2020,40, INDAIATUBA,2.0,0.0,0.0,0.0,-23.09028,-47.21806
06-04-2020,40, ÁGUAS DE LINDÓIA,1.0,0.0,0.0,0.0,-22.4718855,-46.6291034
06-04-2020,40,IGNORADO,5.0,0.0,-1.0,0.0,,
06-04-2020,40,IRACEMÁPOLIS,1.0,0.0,0.0,0.0,-22.583234,-47.522963
06-04-2020,40,ITANHAÉM,2.0,0.0,0.0,0.0,-24.1848847,-46.7921572
06-04-2020,40,ITAPECERICA DA SERRA,9.0,1.0,0.0,0.0,-23.7176303,-46.8492435
06-04-2020,40,ITAPETININGA,1.0,0.0,0.0,0.0,-23.588607,-48.048326
06-04-2020,40,ITAPEVI,11.0,1.0,3.0,0.0,-23.54888,-46.933889
06-04-2020,40,ITAPIRA,1.0,0.0,0.0,0.0,-22.436111,-46.821667
06-04-2020,40,ITAQUAQUECETUBA,12.0,0.0,2.0,0.0,-23.4754492,-46.3514033
06-04-2020,40,ITARARÉ,1.0,0.0,0.0,0.0,-24.1145368,-49.3352464
06-04-2020,40,ITU,1.0,0.0,0.0,0.0,-23.2638828,-47.298892
06-04-2020,40,ITUPEVA,1.0,0.0,0.0,0.0,-23.1531055,-47.0580347
06-04-2020,40,JABOTICABAL,3.0,1.0,0.0,0.0,-21.252037,-48.325223
06-04-2020,40,JAGUARIUNA,1.0,0.0,0.0,0.0,-22.70374,-46.985062
06-04-2020,40,JANDIRA,2.0,0.0,0.0,0.0,-23.5282044,-46.9019554
06-04-2020,40,JAÚ,1.0,0.0,0.0,0.0,-22.293585,-48.559193
06-04-2020,40,JOSÉ BONIFÁCIO,1.0,0.0,,,-23.564090999999998,-46.434766582997995
06-04-2020,40,JUNDIAÍ,7.0,0.0,1.0,0.0,-23.1887866,-46.8845122
06-04-2020,40,LENÇÓIS PAULISTA,1.0,0.0,0.0,0.0,-22.6029897,-48.8031367
06-04-2020,40,LIMEIRA,2.0,0.0,0.0,0.0,-22.5615068,-47.401766
06-04-2020,40,LOUVEIRA,1.0,0.0,0.0,0.0,-23.08639,-46.95056
06-04-2020,40,MAIRIPORÃ,6.0,2.0,2.0,1.0,-23.3186111,-46.5866667
06-04-2020,40,MARÍLIA,1.0,0.0,0.0,0.0,-22.217108,-49.95006
06-04-2020,40,MATÃO,2.0,0.0,0.0,0.0,-21.6033611,-48.3660603
06-04-2020,40,MAUÁ,18.0,0.0,3.0,0.0,-23.6669527,-46.4616922
06-04-2020,40,MIRASSOL,1.0,0.0,,,-20.8141411,-49.507449
06-04-2020,40,MOGI DAS CRUZES,19.0,1.0,2.0,0.0,-23.5234284,-46.1926671
06-04-2020,40,MOGI GUAÇU,1.0,0.0,0.0,0.0,-22.372222,-46.9425
06-04-2020,40,NOVA ODESSA,1.0,1.0,0.0,0.0,-22.783186,-47.294059
06-04-2020,40,ORLÂNDIA,2.0,0.0,1.0,0.0,-20.720278,-47.886667
06-04-2020,40,OSASCO,71.0,3.0,2.0,0.0,-23.5324859,-46.7916801
06-04-2020,40,OUTRO ESTADO,35.0,0.0,1.0,0.0,-25.3817431,-49.287191
06-04-2020,40,OUTRO PAÍS,35.0,0.0,0.0,0.0,,
06-04-2020,40,PARIQUERA AÇU,1.0,0.0,0.0,0.0,-24.7146891,-47.8802361
06-04-2020,40,PAULÍNIA,2.0,0.0,0.0,0.0,-22.7630391,-47.1532213
06-04-2020,40,PENÁPOLIS,1.0,1.0,0.0,0.0,-21.4192406,-50.0765588
06-04-2020,40,PIRACICABA,8.0,0.0,2.0,0.0,-22.72528,-47.64917
06-04-2020,40,PIRAJUÍ,1.0,0.0,0.0,0.0,-21.9957877,-49.4549675
06-04-2020,40,POÁ,4.0,0.0,1.0,0.0,-23.5249082,-46.3445663
06-04-2020,40,PRAIA GRNADE,4.0,0.0,,,,
06-04-2020,40,PRESIDENTE VENCESLAU,2.0,1.0,,,-21.877116,-51.8451047
06-04-2020,40,PROMISSÃO,1.0,0.0,0.0,0.0,-21.5404913,-49.8574709
06-04-2020,40,RIBEIRÃO PIRES,4.0,0.0,0.0,0.0,-23.7129388,-46.4150871
06-04-2020,40,RIBEIRÃO PRETO,28.0,1.0,4.0,0.0,-21.178333,-47.8066671
06-04-2020,40,RIO CLARO,2.0,0.0,0.0,0.0,-22.4100108,-47.5603933
06-04-2020,40,SALTO DE PIRAPORA,1.0,0.0,0.0,0.0,-23.6492626,-47.5729991
06-04-2020,40,SANTA BRANCA,2.0,0.0,0.0,0.0,-23.3974353,-45.8842294
06-04-2020,40,SANTA CRUZ DO RIO PARDO,2.0,0.0,,,-22.9060715,-49.6277378
06-04-2020,40,SANTA ISABEL,2.0,0.0,1.0,0.0,-23.3194222,-46.2271903
06-04-2020,40,SANTANA DE PARNAÍBA,25.0,0.0,1.0,0.0,-23.4446715,-46.9167722
06-04-2020,40,SANTO ANDRÉ,74.0,3.0,-2.0,0.0,-23.6573395,-46.5322504
06-04-2020,40,SANTOS,75.0,2.0,3.0,0.0,-23.960833,-46.333889
06-04-2020,40,SOROCABA,10.0,2.0,1.0,0.0,-23.501667,-47.458056
06-04-2020,40,SUZANO,9.0,0.0,0.0,0.0,-23.5427842,-46.3108391
06-04-2020,40,SÃO BERNARDO DO CAMPO,89.0,5.0,12.0,1.0,-23.7080345,-46.5506747
06-04-2020,40,SÃO CAETANO DO SUL,39.0,1.0,1.0,0.0,-23.6195923,-46.5688323
06-04-2020,40,SÃO CARLOS,1.0,0.0,,,-22.0183367,-47.890932
06-04-2020,40,SÃO JOSÉ DO RIO PARDO,1.0,0.0,0.0,0.0,-21.595288,-46.887303
06-04-2020,40,SÃO JOSÉ DO RIO PRETO,13.0,0.0,6.0,0.0,-20.8125851,-49.3804212
06-04-2020,40,SÃO JOSÉ DOS CAMPOS,48.0,0.0,24.0,0.0,-23.1805011,-45.8872969
06-04-2020,40,SÃO MANUEL,1.0,0.0,0.0,0.0,-22.732081,-48.572316
06-04-2020,40,SÃO PAULO,3754.0,244.0,258.0,32.0,-23.5506507,-46.6333824
06-04-2020,40,SÃO PEDRO,1.0,0.0,0.0,0.0,-22.5512765,-47.9072359
06-04-2020,40,SÃO SEBASTIAO,3.0,1.0,0.0,0.0,-23.8027866,-45.4070527
06-04-2020,40,SÃO VICENTE,6.0,0.0,1.0,0.0,-23.9603686,-46.3847024
06-04-2020,40,TABOÃO DA SERRA,45.0,3.0,6.0,1.0,-23.6121912,-46.7790539
06-04-2020,40,TATUÍ,1.0,0.0,0.0,0.0,-23.3514733,-47.8552438
06-04-2020,40,TAUBATÉ,2.0,0.0,1.0,0.0,-23.031448,-45.5612792
06-04-2020,40,TERRA ROXA,1.0,0.0,0.0,0.0,-20.787015,-48.331442
06-04-2020,40,VALINHOS,3.0,0.0,0.0,0.0,-22.97056,-46.99583
06-04-2020,40,VARGEM GRANDE PAULISTA,4.0,1.0,0.0,0.0,-23.599338,-47.022038
06-04-2020,40,VINHEDO,1.0,0.0,0.0,0.0,-23.0295183,-46.9756292
06-04-2020,40,VOTORANTIM,2.0,0.0,0.0,0.0,-23.5466667,-47.4377778
06-04-2020,40,VOTUPORANGA,3.0,0.0,2.0,0.0,-20.4252506,-49.97226
07-04-2020,41, AGUDOS,1.0,0.0,0.0,0.0,-22.471162,-48.987822
07-04-2020,41, AMERICANA,3.0,2.0,0.0,0.0,-22.7392463,-47.3306032
07-04-2020,41, ARARAQUARA,5.0,0.0,1.0,0.0,-21.7886713,-48.1773096
07-04-2020,41, ARARAS,2.0,0.0,,,-22.3569477,-47.3838889
07-04-2020,41, ARAÇATUBA,8.0,0.0,0.0,0.0,-21.207992,-50.4390225
07-04-2020,41, ARUJÁ,6.0,1.0,0.0,0.0,-23.396266,-46.3175449
07-04-2020,41, ASSIS,2.0,0.0,1.0,0.0,-22.6620892,-50.420623
07-04-2020,41, ATIBAIA,9.0,0.0,2.0,0.0,-23.1177393,-46.5547861
07-04-2020,41, BARRETOS,1.0,0.0,,,-20.5531437,-48.5697509
07-04-2020,41, BARUERI,34.0,2.0,3.0,1.0,-23.5112184,-46.8764612
07-04-2020,41, BAURU,7.0,2.0,1.0,1.0,-22.3218102,-49.0705863
07-04-2020,41, BEBEDOURO,1.0,0.0,,,-20.949077,-48.479083
07-04-2020,41, BIRIGUI,2.0,0.0,1.0,0.0,-21.2908491,-50.34144
07-04-2020,41, BOITUVA,2.0,0.0,1.0,0.0,-23.2838893,-47.6738231
07-04-2020,41, BOTUCATU,8.0,0.0,1.0,0.0,-22.8879628,-48.4410712
07-04-2020,41, BRAGANÇA PAULISTA,16.0,2.0,,,-22.9520235,-46.5418586
07-04-2020,41, BRODOWSKI,1.0,0.0,0.0,0.0,-20.984532,-47.657217
07-04-2020,41, CACHOEIRA PAULISTA,1.0,0.0,0.0,0.0,-22.666498,-45.015384
07-04-2020,41, CAIEIRAS,21.0,4.0,-1.0,0.0,-23.3644621,-46.7484765
07-04-2020,41, CAJAMAR,3.0,0.0,2.0,0.0,-23.3561111,-46.8769444
07-04-2020,41, CAMPINAS,50.0,4.0,22.0,0.0,-22.90556,-47.06083
07-04-2020,41, CARAGUATATUBA,2.0,1.0,1.0,1.0,-23.62028,-45.41306
07-04-2020,41, CARAPICUÍBA,19.0,1.0,3.0,0.0,-23.5234673,-46.8406808
07-04-2020,41, CATANDUVA,1.0,0.0,,,-21.1331035,-48.9712817
07-04-2020,41, CEDRAL,1.0,0.0,0.0,0.0,-20.9028433,-49.2699665
07-04-2020,41, COTIA,35.0,3.0,4.0,0.0,-23.603889,-46.918889
07-04-2020,41, CRAVINHOS,2.0,1.0,0.0,0.0,-21.340278,-47.729444
07-04-2020,41, DIADEMA,35.0,1.0,10.0,0.0,-23.681347,-46.62052
07-04-2020,41, DRACENA,1.0,1.0,0.0,0.0,-21.4835523,-51.5334408
07-04-2020,41, EMBU DAS ARTES,22.0,1.0,2.0,0.0,-23.6495294,-46.8528497
07-04-2020,41, EMBU GUAÇU,1.0,0.0,0.0,0.0,-23.8317997,-46.8156204
07-04-2020,41, FERRAZ DE VASCONCELOS,19.0,0.0,3.0,0.0,-23.541056,-46.37097
07-04-2020,41, FRANCA,1.0,0.0,-1.0,0.0,-20.5381768,-47.4009795
07-04-2020,41, FRANCISCO MORATO,9.0,1.0,1.0,0.0,-23.2817308,-46.7448996
07-04-2020,41, FRANCO DA ROCHA,9.0,1.0,1.0,0.0,-23.3328038,-46.724446
07-04-2020,41, GUARARAPES,2.0,0.0,0.0,0.0,-21.2537115,-50.6441746
07-04-2020,41, GUARUJÁ,6.0,0.0,3.0,0.0,-23.9927768,-46.2558332
07-04-2020,41, GUARULHOS,74.0,7.0,11.0,1.0,-23.4430602,-46.524459
07-04-2020,41, HORTOLÂNDIA,2.0,0.0,1.0,0.0,-22.85833,-47.22
07-04-2020,41, IBIÚNA,1.0,0.0,,,-23.6548363,-47.2210116
07-04-2020,41, ILHA COMPRIDA,5.0,0.0,4.0,0.0,-24.7445292,-47.5525529
07-04-2020,41, ÁGUAS DE LINDÓIA,1.0,0.0,0.0,0.0,-22.4718855,-46.6291034
07-04-2020,41,IGNORADO,6.0,0.0,1.0,0.0,,
07-04-2020,41,INDAIATUBA,3.0,0.0,,,-23.09028,-47.21806
07-04-2020,41,IRACEMÁPOLIS,1.0,0.0,0.0,0.0,-22.583234,-47.522963
07-04-2020,41,ITANHAÉM,2.0,0.0,0.0,0.0,-24.1848847,-46.7921572
07-04-2020,41,ITAPECERICA DA SERRA,12.0,1.0,3.0,0.0,-23.7176303,-46.8492435
07-04-2020,41,ITAPETININGA,1.0,0.0,0.0,0.0,-23.588607,-48.048326
07-04-2020,41,ITAPEVI,12.0,1.0,1.0,0.0,-23.54888,-46.933889
07-04-2020,41,ITAPIRA,1.0,0.0,0.0,0.0,-22.436111,-46.821667
07-04-2020,41,ITAQUAQUECETUBA,15.0,0.0,3.0,0.0,-23.4754492,-46.3514033
07-04-2020,41,ITARARÉ,1.0,0.0,0.0,0.0,-24.1145368,-49.3352464
07-04-2020,41,ITATIBA,1.0,1.0,,,-22.9965861,-46.8412042
07-04-2020,41,ITU,1.0,0.0,0.0,0.0,-23.2638828,-47.298892
07-04-2020,41,ITUPEVA,1.0,0.0,0.0,0.0,-23.1531055,-47.0580347
07-04-2020,41,JABOTICABAL,4.0,1.0,1.0,0.0,-21.252037,-48.325223
07-04-2020,41,JAGUARIÚNA,1.0,0.0,0.0,0.0,-22.70374,-46.985062
07-04-2020,41,JANDIRA,3.0,0.0,1.0,0.0,-23.5282044,-46.9019554
07-04-2020,41,JAÚ,1.0,0.0,0.0,0.0,-22.293585,-48.559193
07-04-2020,41,JOSÉ BONIFÁCIO,2.0,0.0,1.0,0.0,-23.564090999999998,-46.434766582997995
07-04-2020,41,JUNDIAÍ,7.0,0.0,0.0,0.0,-23.1887866,-46.8845122
07-04-2020,41,LENÇÓIS PAULISTA,2.0,0.0,1.0,0.0,-22.6029897,-48.8031367
07-04-2020,41,LIMEIRA,2.0,0.0,0.0,0.0,-22.5615068,-47.401766
07-04-2020,41,LOUVEIRA,1.0,0.0,0.0,0.0,-23.08639,-46.95056
07-04-2020,41,MAIRIPORÃ,7.0,2.0,1.0,0.0,-23.3186111,-46.5866667
07-04-2020,41,MARÍLIA,2.0,0.0,1.0,0.0,-22.217108,-49.95006
07-04-2020,41,MATÃO,2.0,0.0,0.0,0.0,-21.6033611,-48.3660603
07-04-2020,41,MAUÁ,28.0,0.0,10.0,0.0,-23.6669527,-46.4616922
07-04-2020,41,MIRASSOL,2.0,0.0,1.0,0.0,-20.8141411,-49.507449
07-04-2020,41,MOGI DAS CRUZES,27.0,1.0,8.0,0.0,-23.5234284,-46.1926671
07-04-2020,41,MOGI GUAÇU,1.0,0.0,0.0,0.0,-22.372222,-46.9425
07-04-2020,41,MONTE ALTO,1.0,0.0,,,-21.265545,-48.497066
07-04-2020,41,NOVA ODESSA,1.0,1.0,0.0,0.0,-22.783186,-47.294059
07-04-2020,41,ORLÂNDIA,2.0,0.0,0.0,0.0,-20.720278,-47.886667
07-04-2020,41,OSASCO,84.0,4.0,13.0,1.0,-23.5324859,-46.7916801
07-04-2020,41,OUTRO ESTADO,36.0,0.0,1.0,0.0,-25.3817431,-49.287191
07-04-2020,41,OUTRO PAÍS,35.0,0.0,0.0,0.0,,
07-04-2020,41,PARIQUERA AÇU,1.0,0.0,0.0,0.0,-24.7146891,-47.8802361
07-04-2020,41,PAULÍNIA,2.0,0.0,0.0,0.0,-22.7630391,-47.1532213
07-04-2020,41,PENÁPOLIS,1.0,1.0,0.0,0.0,-21.4192406,-50.0765588
07-04-2020,41,PERUÍBE,2.0,0.0,,,-24.3218105,-46.9977452
07-04-2020,41,PINDAMONHANGABA,1.0,0.0,,,-22.9340165,-45.462938
07-04-2020,41,PIRACICABA,10.0,0.0,2.0,0.0,-22.72528,-47.64917
07-04-2020,41,PIRAJUÍ,1.0,0.0,0.0,0.0,-21.9957877,-49.4549675
07-04-2020,41,POÁ,6.0,1.0,2.0,1.0,-23.5249082,-46.3445663
07-04-2020,41,PRAIA GRANDE,11.0,0.0,7.0,0.0,-24.005833,-46.402778
07-04-2020,41,PRESIDENTE VENCESLAU,2.0,1.0,0.0,0.0,-21.877116,-51.8451047
07-04-2020,41,PROMISSÃO,1.0,0.0,0.0,0.0,-21.5404913,-49.8574709
07-04-2020,41,RIBEIRÃO PIRES,9.0,0.0,5.0,0.0,-23.7129388,-46.4150871
07-04-2020,41,RIBEIRÃO PRETO,29.0,2.0,1.0,1.0,-21.178333,-47.8066671
07-04-2020,41,RIO CLARO,3.0,0.0,1.0,0.0,-22.4100108,-47.5603933
07-04-2020,41,RIO GRANDE DA SERRA,1.0,0.0,,,-23.743724,-46.397084
07-04-2020,41,SALTO,1.0,0.0,,,-23.1989983,-47.2913682
07-04-2020,41,SALTO DE PIRAPORA,2.0,0.0,1.0,0.0,-23.6492626,-47.5729991
07-04-2020,41,SANTA BRANCA,2.0,1.0,0.0,1.0,-23.3974353,-45.8842294
07-04-2020,41,SANTA CRUZ DO RIO PARDO,2.0,0.0,0.0,0.0,-22.9060715,-49.6277378
07-04-2020,41,SANTA ISABEL,2.0,0.0,0.0,0.0,-23.3194222,-46.2271903
07-04-2020,41,SANTANA DE PARNAÍBA,27.0,0.0,2.0,0.0,-23.4446715,-46.9167722
07-04-2020,41,SANTO ANDRÉ,98.0,3.0,24.0,0.0,-23.6573395,-46.5322504
07-04-2020,41,SANTOS,87.0,2.0,12.0,0.0,-23.960833,-46.333889
07-04-2020,41,SOROCABA,11.0,2.0,1.0,0.0,-23.501667,-47.458056
07-04-2020,41,SUMARÉ,2.0,0.0,,,-22.8217964,-47.267105
07-04-2020,41,SUZANO,13.0,1.0,4.0,1.0,-23.5427842,-46.3108391
07-04-2020,41,SÃO BERNARDO DO CAMPO,129.0,6.0,40.0,1.0,-23.7080345,-46.5506747
07-04-2020,41,SÃO CAETANO DO SUL,50.0,1.0,11.0,0.0,-23.6195923,-46.5688323
07-04-2020,41,SÃO CARLOS,1.0,0.0,0.0,0.0,-22.0183367,-47.890932
07-04-2020,41,SÃO JOSÉ DO RIO PARDO,1.0,0.0,0.0,0.0,-21.595288,-46.887303
07-04-2020,41,SÃO JOSÉ DO RIO PRETO,28.0,1.0,15.0,1.0,-20.8125851,-49.3804212
07-04-2020,41,SÃO JOSÉ DOS CAMPOS,61.0,0.0,13.0,0.0,-23.1805011,-45.8872969
07-04-2020,41,SÃO MANUEL,1.0,0.0,0.0,0.0,-22.732081,-48.572316
07-04-2020,41,SÃO PAULO,4258.0,296.0,504.0,52.0,-23.5506507,-46.6333824
07-04-2020,41,SÃO PEDRO,1.0,0.0,0.0,0.0,-22.5512765,-47.9072359
07-04-2020,41,SÃO ROQUE,1.0,0.0,,,-23.5304843,-47.1355473
07-04-2020,41,SÃO SEBASTIAO,3.0,1.0,0.0,0.0,-23.8027866,-45.4070527
07-04-2020,41,SÃO VICENTE,10.0,0.0,4.0,0.0,-23.9603686,-46.3847024
07-04-2020,41,TABOÃO DA SERRA,50.0,3.0,5.0,0.0,-23.6121912,-46.7790539
07-04-2020,41,TATUÍ,2.0,0.0,1.0,0.0,-23.3514733,-47.8552438
07-04-2020,41,TAUBATÉ,4.0,0.0,2.0,0.0,-23.031448,-45.5612792
07-04-2020,41,TERRA ROXA,1.0,0.0,0.0,0.0,-20.787015,-48.331442
07-04-2020,41,VALINHOS,4.0,0.0,1.0,0.0,-22.97056,-46.99583
07-04-2020,41,VARGEM GRANDE PAULISTA,5.0,2.0,1.0,1.0,-23.599338,-47.022038
07-04-2020,41,VINHEDO,1.0,0.0,0.0,0.0,-23.0295183,-46.9756292
07-04-2020,41,VOTORANTIM,2.0,0.0,0.0,0.0,-23.5466667,-47.4377778
07-04-2020,41,VOTUPORANGA,3.0,0.0,0.0,0.0,-20.4252506,-49.97226
08-04-2020,42, AGUDOS,1.0,1.0,0.0,1.0,-22.471162,-48.987822
08-04-2020,42, AMERICANA,3.0,2.0,0.0,0.0,-22.7392463,-47.3306032
08-04-2020,42, ARARAQUARA,5.0,0.0,0.0,0.0,-21.7886713,-48.1773096
08-04-2020,42, ARARAS,2.0,0.0,0.0,0.0,-22.3569477,-47.3838889
08-04-2020,42, ARAÇATUBA,12.0,0.0,4.0,0.0,-21.207992,-50.4390225
08-04-2020,42, ARUJÁ,8.0,1.0,2.0,0.0,-23.396266,-46.3175449
08-04-2020,42, ASSIS,2.0,0.0,0.0,0.0,-22.6620892,-50.420623
08-04-2020,42, ATIBAIA,9.0,0.0,0.0,0.0,-23.1177393,-46.5547861
08-04-2020,42, AVARÉ,1.0,0.0,,,-23.1045215,-48.9259103
08-04-2020,42, BADY BASSITT,1.0,0.0,,,-20.9178969,-49.4517911
08-04-2020,42, BARRETOS,4.0,0.0,3.0,0.0,-20.5531437,-48.5697509
08-04-2020,42, BARUERI,41.0,2.0,7.0,0.0,-23.5112184,-46.8764612
08-04-2020,42, BATATAIS,1.0,0.0,,,-20.892867,-47.592149
08-04-2020,42, BAURU,8.0,1.0,1.0,-1.0,-22.3218102,-49.0705863
08-04-2020,42, BEBEDOURO,2.0,0.0,1.0,0.0,-20.949077,-48.479083
08-04-2020,42, BIRIGUI,2.0,0.0,0.0,0.0,-21.2908491,-50.34144
08-04-2020,42, BOITUVA,2.0,0.0,0.0,0.0,-23.2838893,-47.6738231
08-04-2020,42, BOTUCATU,9.0,1.0,1.0,1.0,-22.8879628,-48.4410712
08-04-2020,42, BRAGANÇA PAULISTA,16.0,2.0,0.0,0.0,-22.9520235,-46.5418586
08-04-2020,42, BRODOWSKI,2.0,0.0,1.0,0.0,-20.984532,-47.657217
08-04-2020,42, CACHOEIRA PAULISTA,1.0,0.0,0.0,0.0,-22.666498,-45.015384
08-04-2020,42, CAIEIRAS,31.0,4.0,10.0,0.0,-23.3644621,-46.7484765
08-04-2020,42, CAJAMAR,3.0,0.0,0.0,0.0,-23.3561111,-46.8769444
08-04-2020,42, CAMPINAS,72.0,5.0,22.0,1.0,-22.90556,-47.06083
08-04-2020,42, CARAGUATATUBA,2.0,1.0,0.0,0.0,-23.62028,-45.41306
08-04-2020,42, CARAPICUÍBA,20.0,2.0,1.0,1.0,-23.5234673,-46.8406808
08-04-2020,42, CATANDUVA,1.0,1.0,0.0,1.0,-21.1331035,-48.9712817
08-04-2020,42, CAÇAPAVA,2.0,0.0,,,-23.099204,-45.707645
08-04-2020,42, CEDRAL,1.0,0.0,0.0,0.0,-20.9028433,-49.2699665
08-04-2020,42, COTIA,46.0,3.0,11.0,0.0,-23.603889,-46.918889
08-04-2020,42, CRAVINHOS,2.0,1.0,0.0,0.0,-21.340278,-47.729444
08-04-2020,42, DIADEMA,46.0,1.0,11.0,0.0,-23.681347,-46.62052
08-04-2020,42, DRACENA,1.0,1.0,0.0,0.0,-21.4835523,-51.5334408
08-04-2020,42, EMB,0.0,0.0,,,56.7168477,8.6846248
08-04-2020,42, EMBU DAS ARTES,27.0,1.0,5.0,0.0,-23.6495294,-46.8528497
08-04-2020,42, FERRAZ DE VASCONCELOS,26.0,0.0,7.0,0.0,-23.541056,-46.37097
08-04-2020,42, FRANCA,2.0,0.0,1.0,0.0,-20.5381768,-47.4009795
08-04-2020,42, FRANCISCO MORATO,9.0,1.0,0.0,0.0,-23.2817308,-46.7448996
08-04-2020,42, FRANCO DA ROCHA,16.0,1.0,7.0,0.0,-23.3328038,-46.724446
08-04-2020,42, GUARARAPES,3.0,0.0,1.0,0.0,-21.2537115,-50.6441746
08-04-2020,42, GUARAREMA,2.0,0.0,,,-23.4133724,-46.0379249
08-04-2020,42, GUARUJÁ,6.0,0.0,0.0,0.0,-23.9927768,-46.2558332
08-04-2020,42, GUARULHOS,119.0,7.0,45.0,0.0,-23.4430602,-46.524459
08-04-2020,42, HORTOLÂNDIA,2.0,0.0,0.0,0.0,-22.85833,-47.22
08-04-2020,42, IBIÚNA,1.0,0.0,0.0,0.0,-23.6548363,-47.2210116
08-04-2020,42, ILHA COMPRIDA,6.0,0.0,1.0,0.0,-24.7445292,-47.5525529
08-04-2020,42, ÁGUAS DE LINDÓIA,1.0,1.0,0.0,1.0,-22.4718855,-46.6291034
08-04-2020,42,AÇU,2.0,0.0,,,52.0950568,5.1219384
08-04-2020,42,GUAÇU,2.0,0.0,,,-22.17401325,-54.42529398923756
08-04-2020,42,IGNORADO,5.0,0.0,-1.0,0.0,,
08-04-2020,42,INDAIATUBA,3.0,0.0,0.0,0.0,-23.09028,-47.21806
08-04-2020,42,IRACEMÁPOLIS,1.0,0.0,0.0,0.0,-22.583234,-47.522963
08-04-2020,42,ITANHAÉM,2.0,0.0,0.0,0.0,-24.1848847,-46.7921572
08-04-2020,42,ITAPECERICA DA SERRA,20.0,1.0,8.0,0.0,-23.7176303,-46.8492435
08-04-2020,42,ITAPETININGA,1.0,0.0,0.0,0.0,-23.588607,-48.048326
08-04-2020,42,ITAPEVI,13.0,2.0,1.0,1.0,-23.54888,-46.933889
08-04-2020,42,ITAPIRA,1.0,0.0,0.0,0.0,-22.436111,-46.821667
08-04-2020,42,ITAQUAQUECETUBA,20.0,0.0,5.0,0.0,-23.4754492,-46.3514033
08-04-2020,42,ITARARÉ,1.0,0.0,0.0,0.0,-24.1145368,-49.3352464
08-04-2020,42,ITATIBA,1.0,1.0,0.0,0.0,-22.9965861,-46.8412042
08-04-2020,42,ITU,1.0,0.0,0.0,0.0,-23.2638828,-47.298892
08-04-2020,42,ITUPEVA,1.0,0.0,0.0,0.0,-23.1531055,-47.0580347
08-04-2020,42,JABOTICABAL,4.0,1.0,0.0,0.0,-21.252037,-48.325223
08-04-2020,42,JACAREÍ,1.0,0.0,,,-23.30528,-45.96583
08-04-2020,42,JAGUARIÚNA,1.0,0.0,0.0,0.0,-22.70374,-46.985062
08-04-2020,42,JALES,1.0,0.0,,,-20.2671767,-50.5492435
08-04-2020,42,JANDIRA,3.0,0.0,0.0,0.0,-23.5282044,-46.9019554
08-04-2020,42,JAÚ,1.0,0.0,0.0,0.0,-22.293585,-48.559193
08-04-2020,42,JOANOPÓLIS,1.0,0.0,,,-22.930004,-46.275208
08-04-2020,42,JOSÉ BONIFACIO,2.0,0.0,1.0,0.0,-23.564090999999998,-46.434766582997995
08-04-2020,42,JUNDIAÍ,11.0,1.0,4.0,1.0,-23.1887866,-46.8845122
08-04-2020,42,LARANJAL PAULISTA,2.0,1.0,,,-23.050564,-47.837549
08-04-2020,42,LENÇÓIS PAULISTA,2.0,0.0,0.0,0.0,-22.6029897,-48.8031367
08-04-2020,42,LIMEIRA,2.0,0.0,0.0,0.0,-22.5615068,-47.401766
08-04-2020,42,LOUVEIRA,1.0,0.0,0.0,0.0,-23.08639,-46.95056
08-04-2020,42,MAIRIPORÃ,7.0,2.0,0.0,0.0,-23.3186111,-46.5866667
08-04-2020,42,MARÍLIA,2.0,0.0,0.0,0.0,-22.217108,-49.95006
08-04-2020,42,MATÃO,2.0,0.0,0.0,0.0,-21.6033611,-48.3660603
08-04-2020,42,MAUÁ,32.0,0.0,4.0,0.0,-23.6669527,-46.4616922
08-04-2020,42,MIRASSOL,3.0,0.0,1.0,0.0,-20.8141411,-49.507449
08-04-2020,42,MOCOCA,1.0,0.0,,,-21.464731,-47.002405
08-04-2020,42,MOGI DAS CRUZES,30.0,0.0,3.0,-1.0,-23.5234284,-46.1926671
08-04-2020,42,MOGI GUAÇU,2.0,1.0,1.0,1.0,-22.372222,-46.9425
08-04-2020,42,MONTE ALTO,1.0,0.0,0.0,0.0,-21.265545,-48.497066
08-04-2020,42,NOVA ODESSA,1.0,1.0,0.0,0.0,-22.783186,-47.294059
08-04-2020,42,OLÍMPIA,2.0,0.0,,,-20.736634,-48.910625
08-04-2020,42,ORLÂNDIA,2.0,0.0,0.0,0.0,-20.720278,-47.886667
08-04-2020,42,OSASCO,99.0,6.0,15.0,2.0,-23.5324859,-46.7916801
08-04-2020,42,OUTRO ESTADO,41.0,0.0,5.0,0.0,-25.3817431,-49.287191
08-04-2020,42,OUTRO PAÍS,40.0,0.0,5.0,0.0,,
08-04-2020,42,PARIQUER,0.0,0.0,,,,
08-04-2020,42,PAULÍNIA,2.0,0.0,0.0,0.0,-22.7630391,-47.1532213
08-04-2020,42,PENÁPOLIS,1.0,1.0,0.0,0.0,-21.4192406,-50.0765588
08-04-2020,42,PERUÍBE,3.0,0.0,1.0,0.0,-24.3218105,-46.9977452
08-04-2020,42,PINDAMONHANGABA,1.0,0.0,0.0,0.0,-22.9340165,-45.462938
08-04-2020,42,PINDORAMA,1.0,0.0,,,-21.9549806,-49.0232348
08-04-2020,42,PIRACICABA,12.0,0.0,2.0,0.0,-22.72528,-47.64917
08-04-2020,42,PIRAJUÍ,1.0,0.0,0.0,0.0,-21.9957877,-49.4549675
08-04-2020,42,POÁ,7.0,1.0,1.0,0.0,-23.5249082,-46.3445663
08-04-2020,42,PRAIA GRANDE,12.0,0.0,1.0,0.0,-24.005833,-46.402778
08-04-2020,42,PRESIDENTE PRUDENTE,1.0,0.0,,,-22.1276335,-51.41624990198266
08-04-2020,42,PRESIDENTE VENCESLAU,2.0,1.0,0.0,0.0,-21.877116,-51.8451047
08-04-2020,42,PROMISSÃO,1.0,0.0,0.0,0.0,-21.5404913,-49.8574709
08-04-2020,42,RIBEIRÃO PIRES,12.0,0.0,3.0,0.0,-23.7129388,-46.4150871
08-04-2020,42,RIBEIRÃO PRETO,36.0,3.0,7.0,1.0,-21.178333,-47.8066671
08-04-2020,42,RIO CLARO,3.0,0.0,0.0,0.0,-22.4100108,-47.5603933
08-04-2020,42,RIO GRANDE DA SERRA,4.0,0.0,3.0,0.0,-23.743724,-46.397084
08-04-2020,42,SALTO,2.0,0.0,1.0,0.0,-23.1989983,-47.2913682
08-04-2020,42,SALTO DE PIRAPORA,2.0,0.0,0.0,0.0,-23.6492626,-47.5729991
08-04-2020,42,SANTA BRANCA,2.0,1.0,0.0,0.0,-23.3974353,-45.8842294
08-04-2020,42,SANTA CRUZ DO RIO PARDO,1.0,0.0,-1.0,0.0,-22.9060715,-49.6277378
08-04-2020,42,SANTA ISABEL,1.0,0.0,-1.0,0.0,-23.3194222,-46.2271903
08-04-2020,42,SANTANA DE PARNAÍBA,29.0,0.0,2.0,0.0,-23.4446715,-46.9167722
08-04-2020,42,SANTO ANDRÉ,113.0,3.0,15.0,0.0,-23.6573395,-46.5322504
08-04-2020,42,SANTOS,109.0,3.0,22.0,1.0,-23.960833,-46.333889
08-04-2020,42,SERTÃOZINHO,1.0,0.0,,,-21.1375782,-47.9913741
08-04-2020,42,SOROCABA,13.0,2.0,2.0,0.0,-23.501667,-47.458056
08-04-2020,42,SUMARÉ,2.0,0.0,0.0,0.0,-22.8217964,-47.267105
08-04-2020,42,SUZANO,16.0,1.0,3.0,0.0,-23.5427842,-46.3108391
08-04-2020,42,SÃO BERNARDO DO CAMPO,147.0,7.0,18.0,1.0,-23.7080345,-46.5506747
08-04-2020,42,SÃO CAETANO DO SUL,57.0,1.0,7.0,0.0,-23.6195923,-46.5688323
08-04-2020,42,SÃO CARLOS,1.0,0.0,0.0,0.0,-22.0183367,-47.890932
08-04-2020,42,SÃO JOSÉ DO RIO PARDO,1.0,0.0,0.0,0.0,-21.595288,-46.887303
08-04-2020,42,SÃO JOSÉ DO RIO PRETO,36.0,1.0,8.0,0.0,-20.8125851,-49.3804212
08-04-2020,42,SÃO JOSÉ DOS CAMPOS,77.0,0.0,16.0,0.0,-23.1805011,-45.8872969
08-04-2020,42,SÃO MANUEL,1.0,0.0,0.0,0.0,-22.732081,-48.572316
08-04-2020,42,SÃO PAULO,4947.0,339.0,689.0,43.0,-23.5506507,-46.6333824
08-04-2020,42,SÃO PEDRO,1.0,0.0,0.0,0.0,-22.5512765,-47.9072359
08-04-2020,42,SÃO ROQUE,2.0,0.0,1.0,0.0,-23.5304843,-47.1355473
08-04-2020,42,SÃO SEBASTIÃO,3.0,1.0,0.0,0.0,-23.8027866,-45.4070527
08-04-2020,42,SÃO VICENTE,11.0,0.0,1.0,0.0,-23.9603686,-46.3847024
08-04-2020,42,TABOÃO DA SERRA,59.0,4.0,9.0,1.0,-23.6121912,-46.7790539
08-04-2020,42,TANABI,1.0,0.0,,,-20.6251635,-49.6519879
08-04-2020,42,TATUÍ,2.0,0.0,0.0,0.0,-23.3514733,-47.8552438
08-04-2020,42,TAUBATÉ,5.0,0.0,1.0,0.0,-23.031448,-45.5612792
08-04-2020,42,TERRA ROXA,1.0,0.0,0.0,0.0,-20.787015,-48.331442
08-04-2020,42,VALINHOS,4.0,0.0,0.0,0.0,-22.97056,-46.99583
08-04-2020,42,VARGEM GRANDE PAULISTA,5.0,2.0,0.0,0.0,-23.599338,-47.022038
08-04-2020,42,VINHEDO,2.0,0.0,1.0,0.0,-23.0295183,-46.9756292
08-04-2020,42,VOTORANTIM,2.0,0.0,0.0,0.0,-23.5466667,-47.4377778
08-04-2020,42,VOTUPORANGA,3.0,0.0,0.0,0.0,-20.4252506,-49.97226
09-04-2020,43, AGUDOS,1.0,1.0,0.0,0.0,-22.471162,-48.987822
09-04-2020,43, AMERICANA,3.0,2.0,0.0,0.0,-22.7392463,-47.3306032
09-04-2020,43, ARARAQUARA,5.0,0.0,0.0,0.0,-21.7886713,-48.1773096
09-04-2020,43, ARARAS,2.0,0.0,0.0,0.0,-22.3569477,-47.3838889
09-04-2020,43, ARAÇATUBA,13.0,0.0,1.0,0.0,-21.207992,-50.4390225
09-04-2020,43, ARTUR NOGUEIRA,1.0,0.0,,,-22.572737,-47.172679
09-04-2020,43, ARUJÁ,9.0,1.0,1.0,0.0,-23.396266,-46.3175449
09-04-2020,43, ASSIS,3.0,1.0,1.0,1.0,-22.6620892,-50.420623
09-04-2020,43, ATIBAIA,11.0,0.0,2.0,0.0,-23.1177393,-46.5547861
09-04-2020,43, AVARÉ,3.0,0.0,2.0,0.0,-23.1045215,-48.9259103
09-04-2020,43, BADY BASSITT,1.0,0.0,0.0,0.0,-20.9178969,-49.4517911
09-04-2020,43, BARRA DO TURVO,1.0,0.0,,,-24.756421,-48.5056942
09-04-2020,43, BARRETOS,4.0,0.0,0.0,0.0,-20.5531437,-48.5697509
09-04-2020,43, BARUERI,42.0,2.0,1.0,0.0,-23.5112184,-46.8764612
09-04-2020,43, BATATAIS,1.0,0.0,0.0,0.0,-20.892867,-47.592149
09-04-2020,43, BAURU,10.0,1.0,2.0,0.0,-22.3218102,-49.0705863
09-04-2020,43, BEBEDOURO,2.0,0.0,0.0,0.0,-20.949077,-48.479083
09-04-2020,43, BIRIGUI,2.0,0.0,0.0,0.0,-21.2908491,-50.34144
09-04-2020,43, BOITUVA,3.0,0.0,1.0,0.0,-23.2838893,-47.6738231
09-04-2020,43, BOTUCATU,15.0,1.0,6.0,0.0,-22.8879628,-48.4410712
09-04-2020,43, BRAGANÇA PAULISTA,16.0,3.0,0.0,1.0,-22.9520235,-46.5418586
09-04-2020,43, BRODOWSKI,2.0,0.0,0.0,0.0,-20.984532,-47.657217
09-04-2020,43, CACHOEIRA PAULISTA,1.0,0.0,0.0,0.0,-22.666498,-45.015384
09-04-2020,43, CAIEIRAS,31.0,4.0,0.0,0.0,-23.3644621,-46.7484765
09-04-2020,43, CAJAMAR,3.0,0.0,0.0,0.0,-23.3561111,-46.8769444
09-04-2020,43, CAMPINAS,83.0,5.0,11.0,0.0,-22.90556,-47.06083
09-04-2020,43, CARAGUATATUBA,2.0,1.0,0.0,0.0,-23.62028,-45.41306
09-04-2020,43, CARAPICUÍBA,25.0,2.0,5.0,0.0,-23.5234673,-46.8406808
09-04-2020,43, CATANDUVA,1.0,1.0,0.0,0.0,-21.1331035,-48.9712817
09-04-2020,43, CAÇAPAVA,3.0,0.0,1.0,0.0,-23.099204,-45.707645
09-04-2020,43, CEDRAL,1.0,0.0,0.0,0.0,-20.9028433,-49.2699665
09-04-2020,43, COTIA,46.0,3.0,0.0,0.0,-23.603889,-46.918889
09-04-2020,43, CRAVINHOS,2.0,1.0,0.0,0.0,-21.340278,-47.729444
09-04-2020,43, DIADEMA,55.0,1.0,9.0,0.0,-23.681347,-46.62052
09-04-2020,43, DRACENA,1.0,1.0,0.0,0.0,-21.4835523,-51.5334408
09-04-2020,43, ELDORADO,1.0,0.0,,,-24.522583,-48.1093489
09-04-2020,43, EMB,0.0,0.0,0.0,0.0,56.7168477,8.6846248
09-04-2020,43, EMBU DAS ARTES,27.0,1.0,0.0,0.0,-23.6495294,-46.8528497
09-04-2020,43, FERRAZ DE VASCONCELOS,28.0,0.0,2.0,0.0,-23.541056,-46.37097
09-04-2020,43, FRANCA,2.0,0.0,0.0,0.0,-20.5381768,-47.4009795
09-04-2020,43, FRANCISCO MORATO,9.0,1.0,0.0,0.0,-23.2817308,-46.7448996
09-04-2020,43, FRANCO DA ROCHA,17.0,1.0,1.0,0.0,-23.3328038,-46.724446
09-04-2020,43, GUARARAPES,3.0,0.0,0.0,0.0,-21.2537115,-50.6441746
09-04-2020,43, GUARAREMA,2.0,0.0,0.0,0.0,-23.4133724,-46.0379249
09-04-2020,43, GUARATINGUETÁ,1.0,0.0,,,-22.8057839,-45.1908926
09-04-2020,43, GUARUJÁ,6.0,0.0,0.0,0.0,-23.9927768,-46.2558332
09-04-2020,43, GUARULHOS,154.0,11.0,35.0,4.0,-23.4430602,-46.524459
09-04-2020,43, HORTOLÂNDIA,2.0,0.0,0.0,0.0,-22.85833,-47.22
09-04-2020,43, IBIÚNA,1.0,0.0,0.0,0.0,-23.6548363,-47.2210116
09-04-2020,43, ÁGUAS DE LINDÓIA,1.0,1.0,0.0,0.0,-22.4718855,-46.6291034
09-04-2020,43,AÇU,1.0,0.0,-1.0,0.0,52.0950568,5.1219384
09-04-2020,43,GUAÇU,2.0,0.0,0.0,0.0,-22.17401325,-54.42529398923756
09-04-2020,43,IGNORADO,5.0,0.0,0.0,0.0,,
09-04-2020,43,ILHA BELA,1.0,0.0,,,-20.3105442,-40.2807253
09-04-2020,43,ILHA COMPRIDA,9.0,0.0,,,-24.7445292,-47.5525529
09-04-2020,43,INDAIATUBA,3.0,0.0,0.0,0.0,-23.09028,-47.21806
09-04-2020,43,IRACEMÁPOLIS,1.0,0.0,0.0,0.0,-22.583234,-47.522963
09-04-2020,43,ITANHAÉM,2.0,0.0,0.0,0.0,-24.1848847,-46.7921572
09-04-2020,43,ITAPECERICA DA SERRA,22.0,1.0,2.0,0.0,-23.7176303,-46.8492435
09-04-2020,43,ITAPETININGA,1.0,0.0,0.0,0.0,-23.588607,-48.048326
09-04-2020,43,ITAPEVA,1.0,0.0,,,-23.9849105,-48.8803886
09-04-2020,43,ITAPEVI,15.0,3.0,2.0,1.0,-23.54888,-46.933889
09-04-2020,43,ITAPIRA,1.0,0.0,0.0,0.0,-22.436111,-46.821667
09-04-2020,43,ITAQUAQUECETUBA,24.0,0.0,4.0,0.0,-23.4754492,-46.3514033
09-04-2020,43,ITARARÉ,1.0,0.0,0.0,0.0,-24.1145368,-49.3352464
09-04-2020,43,ITATIBA,1.0,1.0,0.0,0.0,-22.9965861,-46.8412042
09-04-2020,43,ITATINGA,1.0,0.0,,,-23.1042417,-48.6134874
09-04-2020,43,ITUPEVA,1.0,0.0,0.0,0.0,-23.1531055,-47.0580347
09-04-2020,43,ITÚ,2.0,0.0,,,-23.2638828,-47.298892
09-04-2020,43,JABOTICABAL,5.0,2.0,1.0,1.0,-21.252037,-48.325223
09-04-2020,43,JACAREÍ,1.0,0.0,0.0,0.0,-23.30528,-45.96583
09-04-2020,43,JACI,1.0,0.0,,,-20.8844434,-49.5710544
09-04-2020,43,JAGUARIÚNA,1.0,0.0,0.0,0.0,-22.70374,-46.985062
09-04-2020,43,JALES,1.0,0.0,0.0,0.0,-20.2671767,-50.5492435
09-04-2020,43,JANDIRA,3.0,0.0,0.0,0.0,-23.5282044,-46.9019554
09-04-2020,43,JAÚ,1.0,0.0,0.0,0.0,-22.293585,-48.559193
09-04-2020,43,JOANÓPOLIS,1.0,0.0,,,-22.930004,-46.275208
09-04-2020,43,JOSÉ BONIFACIO,2.0,0.0,0.0,0.0,-23.564090999999998,-46.434766582997995
09-04-2020,43,JUNDIAÍ,11.0,1.0,0.0,0.0,-23.1887866,-46.8845122
09-04-2020,43,LARANJAL PAULISTA,2.0,1.0,0.0,0.0,-23.050564,-47.837549
09-04-2020,43,LENÇÓIS PAULISTA,2.0,0.0,0.0,0.0,-22.6029897,-48.8031367
09-04-2020,43,LIMEIRA,2.0,0.0,0.0,0.0,-22.5615068,-47.401766
09-04-2020,43,LOUVEIRA,1.0,0.0,0.0,0.0,-23.08639,-46.95056
09-04-2020,43,MAIRIPORÃ,7.0,2.0,0.0,0.0,-23.3186111,-46.5866667
09-04-2020,43,MARÍLIA,2.0,0.0,0.0,0.0,-22.217108,-49.95006
09-04-2020,43,MATÃO,2.0,0.0,0.0,0.0,-21.6033611,-48.3660603
09-04-2020,43,MAUÁ,38.0,0.0,6.0,0.0,-23.6669527,-46.4616922
09-04-2020,43,MIRASSOL,4.0,0.0,1.0,0.0,-20.8141411,-49.507449
09-04-2020,43,MOCOCA,2.0,1.0,1.0,1.0,-21.464731,-47.002405
09-04-2020,43,MOGI DAS CRUZES,37.0,1.0,7.0,1.0,-23.5234284,-46.1926671
09-04-2020,43,MOGI GUAÇU,4.0,1.0,2.0,0.0,-22.372222,-46.9425
09-04-2020,43,MONTE ALTO,1.0,0.0,0.0,0.0,-21.265545,-48.497066
09-04-2020,43,NOVA ODESSA,1.0,1.0,0.0,0.0,-22.783186,-47.294059
09-04-2020,43,OLÍMPIA,2.0,0.0,0.0,0.0,-20.736634,-48.910625
09-04-2020,43,ORLÂNDIA,2.0,0.0,0.0,0.0,-20.720278,-47.886667
09-04-2020,43,OSASCO,107.0,7.0,8.0,1.0,-23.5324859,-46.7916801
09-04-2020,43,OUTRO ESTADO,45.0,1.0,4.0,1.0,-25.3817431,-49.287191
09-04-2020,43,OUTRO PAÍS,40.0,0.0,0.0,0.0,,
09-04-2020,43,PARIQUER,0.0,0.0,0.0,0.0,,
09-04-2020,43,PAULÍNIA,4.0,0.0,2.0,0.0,-22.7630391,-47.1532213
09-04-2020,43,PENÁPOLIS,1.0,1.0,0.0,0.0,-21.4192406,-50.0765588
09-04-2020,43,PERUÍBE,3.0,0.0,0.0,0.0,-24.3218105,-46.9977452
09-04-2020,43,PINDAMONHANGABA,1.0,0.0,0.0,0.0,-22.9340165,-45.462938
09-04-2020,43,PINDORAMA,1.0,0.0,0.0,0.0,-21.9549806,-49.0232348
09-04-2020,43,PIRACICABA,12.0,0.0,0.0,0.0,-22.72528,-47.64917
09-04-2020,43,PIRAJUÍ,1.0,0.0,0.0,0.0,-21.9957877,-49.4549675
09-04-2020,43,POÁ,7.0,1.0,0.0,0.0,-23.5249082,-46.3445663
09-04-2020,43,PRAIA GRANDE,13.0,1.0,1.0,1.0,-24.005833,-46.402778
09-04-2020,43,PRESIDENTE PRUDENTE,3.0,2.0,2.0,2.0,-22.1276335,-51.41624990198266
09-04-2020,43,PRESIDENTE VENCESLAU,3.0,2.0,1.0,1.0,-21.877116,-51.8451047
09-04-2020,43,PROMISSÃO,1.0,0.0,0.0,0.0,-21.5404913,-49.8574709
09-04-2020,43,RIBEIRÃO PIRES,15.0,0.0,3.0,0.0,-23.7129388,-46.4150871
09-04-2020,43,RIBEIRÃO PRETO,36.0,4.0,0.0,1.0,-21.178333,-47.8066671
09-04-2020,43,RIO CLARO,3.0,1.0,0.0,1.0,-22.4100108,-47.5603933
09-04-2020,43,RIO GRANDE DA SERRA,4.0,0.0,0.0,0.0,-23.743724,-46.397084
09-04-2020,43,SALTO,3.0,0.0,1.0,0.0,-23.1989983,-47.2913682
09-04-2020,43,SALTO DE PIRAPORA,2.0,0.0,0.0,0.0,-23.6492626,-47.5729991
09-04-2020,43,SANTA BRANCA,2.0,1.0,0.0,0.0,-23.3974353,-45.8842294
09-04-2020,43,SANTA CRUZ DO RIO PARDO,1.0,0.0,0.0,0.0,-22.9060715,-49.6277378
09-04-2020,43,SANTA ISABEL,1.0,0.0,0.0,0.0,-23.3194222,-46.2271903
09-04-2020,43,SANTANA DE PARNAÍBA,31.0,0.0,2.0,0.0,-23.4446715,-46.9167722
09-04-2020,43,SANTO ANDRÉ,130.0,3.0,17.0,0.0,-23.6573395,-46.5322504
09-04-2020,43,SANTOS,130.0,4.0,21.0,1.0,-23.960833,-46.333889
09-04-2020,43,SERTÃOZINHO,2.0,0.0,1.0,0.0,-21.1375782,-47.9913741
09-04-2020,43,SOROCABA,17.0,2.0,4.0,0.0,-23.501667,-47.458056
09-04-2020,43,SUMARÉ,2.0,0.0,0.0,0.0,-22.8217964,-47.267105
09-04-2020,43,SUZANO,24.0,1.0,8.0,0.0,-23.5427842,-46.3108391
09-04-2020,43,SÃO BERNARDO DO CAMPO,164.0,7.0,17.0,0.0,-23.7080345,-46.5506747
09-04-2020,43,SÃO CAETANO DO SUL,59.0,1.0,2.0,0.0,-23.6195923,-46.5688323
09-04-2020,43,SÃO CARLOS,2.0,0.0,1.0,0.0,-22.0183367,-47.890932
09-04-2020,43,SÃO JOSÉ DO RIO PARDO,1.0,0.0,0.0,0.0,-21.595288,-46.887303
09-04-2020,43,SÃO JOSÉ DO RIO PRETO,41.0,1.0,5.0,0.0,-20.8125851,-49.3804212
09-04-2020,43,SÃO JOSÉ DOS CAMPOS,81.0,1.0,4.0,1.0,-23.1805011,-45.8872969
09-04-2020,43,SÃO JOÃO DA BOA VISTA,1.0,0.0,,,-21.9778137,-46.7881722
09-04-2020,43,SÃO MANUEL,3.0,1.0,2.0,1.0,-22.732081,-48.572316
09-04-2020,43,SÃO PAULO,5471.0,384.0,524.0,45.0,-23.5506507,-46.6333824
09-04-2020,43,SÃO PEDRO,1.0,0.0,0.0,0.0,-22.5512765,-47.9072359
09-04-2020,43,SÃO ROQUE,3.0,0.0,1.0,0.0,-23.5304843,-47.1355473
09-04-2020,43,SÃO SEBASTIÃO,4.0,1.0,1.0,0.0,-23.8027866,-45.4070527
09-04-2020,43,SÃO VICENTE,13.0,0.0,2.0,0.0,-23.9603686,-46.3847024
09-04-2020,43,TABOÃO DA SERRA,67.0,5.0,8.0,1.0,-23.6121912,-46.7790539
09-04-2020,43,TANABI,1.0,0.0,0.0,0.0,-20.6251635,-49.6519879
09-04-2020,43,TATUÍ,2.0,0.0,0.0,0.0,-23.3514733,-47.8552438
09-04-2020,43,TAUBATÉ,5.0,0.0,0.0,0.0,-23.031448,-45.5612792
09-04-2020,43,TERRA ROXA,1.0,0.0,0.0,0.0,-20.787015,-48.331442
09-04-2020,43,VALINHOS,4.0,0.0,0.0,0.0,-22.97056,-46.99583
09-04-2020,43,VARGEM GRANDE PAULISTA,5.0,3.0,0.0,1.0,-23.599338,-47.022038
09-04-2020,43,VINHEDO,7.0,0.0,5.0,0.0,-23.0295183,-46.9756292
09-04-2020,43,VOTORANTIM,2.0,0.0,0.0,0.0,-23.5466667,-47.4377778
09-04-2020,43,VOTUPORANGA,3.0,0.0,0.0,0.0,-20.4252506,-49.97226
10-04-2020,44, AGUDOS,1.0,1.0,0.0,0.0,-22.471162,-48.987822
10-04-2020,44, AMERICANA,3.0,2.0,0.0,0.0,-22.7392463,-47.3306032
10-04-2020,44, ARARAQUARA,7.0,1.0,2.0,1.0,-21.7886713,-48.1773096
10-04-2020,44, ARARAS,3.0,0.0,1.0,0.0,-22.3569477,-47.3838889
10-04-2020,44, ARAÇATUBA,15.0,0.0,2.0,0.0,-21.207992,-50.4390225
10-04-2020,44, ARAÇOIABA DA SERRA,1.0,0.0,,,-23.5045367,-47.6168158
10-04-2020,44, ARTUR NOGUEIRA,1.0,0.0,0.0,0.0,-22.572737,-47.172679
10-04-2020,44, ARUJÁ,10.0,1.0,1.0,0.0,-23.396266,-46.3175449
10-04-2020,44, ASSIS,4.0,1.0,1.0,0.0,-22.6620892,-50.420623
10-04-2020,44, ATIBAIA,13.0,0.0,2.0,0.0,-23.1177393,-46.5547861
10-04-2020,44, AVARÉ,3.0,0.0,0.0,0.0,-23.1045215,-48.9259103
10-04-2020,44, BADY BASSITT,1.0,0.0,0.0,0.0,-20.9178969,-49.4517911
10-04-2020,44, BARRA DO TURVO,1.0,0.0,0.0,0.0,-24.756421,-48.5056942
10-04-2020,44, BARRETOS,4.0,0.0,0.0,0.0,-20.5531437,-48.5697509
10-04-2020,44, BARUERI,44.0,2.0,2.0,0.0,-23.5112184,-46.8764612
10-04-2020,44, BATATAIS,1.0,0.0,0.0,0.0,-20.892867,-47.592149
10-04-2020,44, BAURU,11.0,1.0,1.0,0.0,-22.3218102,-49.0705863
10-04-2020,44, BEBEDOURO,2.0,0.0,0.0,0.0,-20.949077,-48.479083
10-04-2020,44, BIRIGUI,2.0,0.0,0.0,0.0,-21.2908491,-50.34144
10-04-2020,44, BOITUVA,4.0,0.0,1.0,0.0,-23.2838893,-47.6738231
10-04-2020,44, BOTUCATU,15.0,1.0,0.0,0.0,-22.8879628,-48.4410712
10-04-2020,44, BRAGANÇA PAULISTA,26.0,4.0,10.0,1.0,-22.9520235,-46.5418586
10-04-2020,44, BRODOWSKI,2.0,0.0,0.0,0.0,-20.984532,-47.657217
10-04-2020,44, CACHOEIRA PAULISTA,1.0,0.0,0.0,0.0,-22.666498,-45.015384
10-04-2020,44, CAIEIRAS,32.0,4.0,1.0,0.0,-23.3644621,-46.7484765
10-04-2020,44, CAJAMAR,5.0,1.0,2.0,1.0,-23.3561111,-46.8769444
10-04-2020,44, CAMPINAS,100.0,5.0,17.0,0.0,-22.90556,-47.06083
10-04-2020,44, CARAGUATATUBA,2.0,1.0,0.0,0.0,-23.62028,-45.41306
10-04-2020,44, CARAPICUÍBA,29.0,2.0,4.0,0.0,-23.5234673,-46.8406808
10-04-2020,44, CATANDUVA,3.0,2.0,2.0,1.0,-21.1331035,-48.9712817
10-04-2020,44, CAÇAPAVA,3.0,0.0,0.0,0.0,-23.099204,-45.707645
10-04-2020,44, CEDRAL,1.0,0.0,0.0,0.0,-20.9028433,-49.2699665
10-04-2020,44, COTIA,53.0,3.0,7.0,0.0,-23.603889,-46.918889
10-04-2020,44, CRAVINHOS,2.0,1.0,0.0,0.0,-21.340278,-47.729444
10-04-2020,44, CUBATÃO,2.0,0.0,,,-23.8857982,-46.4241869
10-04-2020,44, DIADEMA,59.0,1.0,4.0,0.0,-23.681347,-46.62052
10-04-2020,44, DRACENA,1.0,1.0,0.0,0.0,-21.4835523,-51.5334408
10-04-2020,44, ELDORADO,1.0,0.0,0.0,0.0,-24.522583,-48.1093489
10-04-2020,44, EMB,0.0,0.0,0.0,0.0,56.7168477,8.6846248
10-04-2020,44, EMBU DAS ARTES,33.0,2.0,6.0,1.0,-23.6495294,-46.8528497
10-04-2020,44, FERRAZ DE VASCONCELOS,35.0,0.0,7.0,0.0,-23.541056,-46.37097
10-04-2020,44, FRANCA,2.0,0.0,0.0,0.0,-20.5381768,-47.4009795
10-04-2020,44, FRANCISCO MORATO,12.0,1.0,3.0,0.0,-23.2817308,-46.7448996
10-04-2020,44, FRANCO DA ROCHA,18.0,1.0,1.0,0.0,-23.3328038,-46.724446
10-04-2020,44, GUARARAPES,3.0,0.0,0.0,0.0,-21.2537115,-50.6441746
10-04-2020,44, GUARAREMA,2.0,0.0,0.0,0.0,-23.4133724,-46.0379249
10-04-2020,44, GUARATINGUETÁ,1.0,0.0,0.0,0.0,-22.8057839,-45.1908926
10-04-2020,44, GUARUJÁ,7.0,0.0,1.0,0.0,-23.9927768,-46.2558332
10-04-2020,44, GUARULHOS,178.0,16.0,24.0,5.0,-23.4430602,-46.524459
10-04-2020,44, HORTOLÂNDIA,2.0,0.0,0.0,0.0,-22.85833,-47.22
10-04-2020,44, IBIÚNA,1.0,0.0,0.0,0.0,-23.6548363,-47.2210116
10-04-2020,44, ÁGUAS DE LINDÓIA,1.0,1.0,0.0,0.0,-22.4718855,-46.6291034
10-04-2020,44, ÁGUAS DE SÃO PEDRO,1.0,0.0,,,-22.6000681,-47.8750887
10-04-2020,44,AÇU,2.0,0.0,1.0,0.0,52.0950568,5.1219384
10-04-2020,44,GUAÇU,4.0,0.0,2.0,0.0,-22.17401325,-54.42529398923756
10-04-2020,44,IGNORADO,5.0,0.0,0.0,0.0,,
10-04-2020,44,ILHA COMPRIDA,9.0,0.0,0.0,0.0,-24.7445292,-47.5525529
10-04-2020,44,ILHABELA,1.0,0.0,,,-23.816628,-45.368685
10-04-2020,44,INDAIATUBA,3.0,0.0,0.0,0.0,-23.09028,-47.21806
10-04-2020,44,IRACEMÁPOLIS,1.0,0.0,0.0,0.0,-22.583234,-47.522963
10-04-2020,44,ITANHAÉM,2.0,0.0,0.0,0.0,-24.1848847,-46.7921572
10-04-2020,44,ITAPECERICA DA SERRA,26.0,1.0,4.0,0.0,-23.7176303,-46.8492435
10-04-2020,44,ITAPETININGA,3.0,1.0,2.0,1.0,-23.588607,-48.048326
10-04-2020,44,ITAPEVA,1.0,0.0,0.0,0.0,-23.9849105,-48.8803886
10-04-2020,44,ITAPEVI,17.0,4.0,2.0,1.0,-23.54888,-46.933889
10-04-2020,44,ITAPIRA,1.0,0.0,0.0,0.0,-22.436111,-46.821667
10-04-2020,44,ITAQUAQUECETUBA,24.0,0.0,0.0,0.0,-23.4754492,-46.3514033
10-04-2020,44,ITARARÉ,1.0,0.0,0.0,0.0,-24.1145368,-49.3352464
10-04-2020,44,ITATIBA,1.0,1.0,0.0,0.0,-22.9965861,-46.8412042
10-04-2020,44,ITATINGA,1.0,0.0,0.0,0.0,-23.1042417,-48.6134874
10-04-2020,44,ITU,2.0,0.0,1.0,0.0,-23.2638828,-47.298892
10-04-2020,44,ITUPEVA,1.0,0.0,0.0,0.0,-23.1531055,-47.0580347
10-04-2020,44,JABOTICABAL,5.0,2.0,0.0,0.0,-21.252037,-48.325223
10-04-2020,44,JACAREÍ,1.0,0.0,0.0,0.0,-23.30528,-45.96583
10-04-2020,44,JACI,1.0,0.0,0.0,0.0,-20.8844434,-49.5710544
10-04-2020,44,JAGUARIÚNA,1.0,0.0,0.0,0.0,-22.70374,-46.985062
10-04-2020,44,JALES,1.0,0.0,0.0,0.0,-20.2671767,-50.5492435
10-04-2020,44,JANDIRA,3.0,0.0,0.0,0.0,-23.5282044,-46.9019554
10-04-2020,44,JAÚ,1.0,0.0,0.0,0.0,-22.293585,-48.559193
10-04-2020,44,JOANÓPOLIS,1.0,0.0,0.0,0.0,-22.930004,-46.275208
10-04-2020,44,JOSÉ BONIFÁCIO,2.0,0.0,0.0,0.0,-23.564090999999998,-46.434766582997995
10-04-2020,44,JUNDIAÍ,12.0,1.0,1.0,0.0,-23.1887866,-46.8845122
10-04-2020,44,LARANJAL PAULISTA,2.0,1.0,0.0,0.0,-23.050564,-47.837549
10-04-2020,44,LENÇÓIS PAULISTA,3.0,0.0,1.0,0.0,-22.6029897,-48.8031367
10-04-2020,44,LIMEIRA,4.0,0.0,2.0,0.0,-22.5615068,-47.401766
10-04-2020,44,LOUVEIRA,1.0,0.0,0.0,0.0,-23.08639,-46.95056
10-04-2020,44,MAIRIPORÃ,7.0,2.0,0.0,0.0,-23.3186111,-46.5866667
10-04-2020,44,MARÍLIA,4.0,0.0,2.0,0.0,-22.217108,-49.95006
10-04-2020,44,MATÃO,2.0,0.0,0.0,0.0,-21.6033611,-48.3660603
10-04-2020,44,MAUÁ,42.0,0.0,4.0,0.0,-23.6669527,-46.4616922
10-04-2020,44,MIRASSOL,4.0,0.0,0.0,0.0,-20.8141411,-49.507449
10-04-2020,44,MOCOCA,2.0,1.0,0.0,0.0,-21.464731,-47.002405
10-04-2020,44,MOGI DAS CRUZES,50.0,2.0,13.0,1.0,-23.5234284,-46.1926671
10-04-2020,44,MOGI GUAÇU,4.0,1.0,0.0,0.0,-22.372222,-46.9425
10-04-2020,44,MONTE ALTO,3.0,0.0,2.0,0.0,-21.265545,-48.497066
10-04-2020,44,NOVA ODESSA,1.0,1.0,0.0,0.0,-22.783186,-47.294059
10-04-2020,44,OESTE,1.0,0.0,,,-22.23890315,-51.425511873731374
10-04-2020,44,OLÍMPIA,2.0,0.0,0.0,0.0,-20.736634,-48.910625
10-04-2020,44,ORLÂNDIA,2.0,0.0,0.0,0.0,-20.720278,-47.886667
10-04-2020,44,OSASCO,121.0,8.0,14.0,1.0,-23.5324859,-46.7916801
10-04-2020,44,OURINHOS,1.0,0.0,,,-22.9777918,-49.868204
10-04-2020,44,OUTRO ESTADO,48.0,0.0,3.0,-1.0,-25.3817431,-49.287191
10-04-2020,44,OUTRO PAÍS,40.0,0.0,0.0,0.0,,
10-04-2020,44,PARIQUER,0.0,0.0,0.0,0.0,,
10-04-2020,44,PAULÍNIA,5.0,0.0,1.0,0.0,-22.7630391,-47.1532213
10-04-2020,44,PEDRA BELA,1.0,0.0,,,-22.7950193,-46.4431811
10-04-2020,44,PENÁPOLIS,1.0,1.0,0.0,0.0,-21.4192406,-50.0765588
10-04-2020,44,PERUÍBE,3.0,0.0,0.0,0.0,-24.3218105,-46.9977452
10-04-2020,44,PINDAMONHANGABA,1.0,0.0,0.0,0.0,-22.9340165,-45.462938
10-04-2020,44,PINDORAMA,1.0,0.0,0.0,0.0,-21.9549806,-49.0232348
10-04-2020,44,PIRACICABA,12.0,0.0,0.0,0.0,-22.72528,-47.64917
10-04-2020,44,PIRAJUÍ,1.0,0.0,0.0,0.0,-21.9957877,-49.4549675
10-04-2020,44,PORTO FERREIRA,2.0,1.0,,,-21.8529134,-47.4794943
10-04-2020,44,POÁ,9.0,1.0,2.0,0.0,-23.5249082,-46.3445663
10-04-2020,44,PRAIA GRANDE,14.0,1.0,1.0,0.0,-24.005833,-46.402778
10-04-2020,44,PRESIDENTE PRUDENTE,3.0,2.0,0.0,0.0,-22.1276335,-51.41624990198266
10-04-2020,44,PRESIDENTE VENCESLAU,4.0,2.0,1.0,0.0,-21.877116,-51.8451047
10-04-2020,44,PROMISSÃO,1.0,0.0,0.0,0.0,-21.5404913,-49.8574709
10-04-2020,44,RIBEIRÃO PIRES,15.0,0.0,0.0,0.0,-23.7129388,-46.4150871
10-04-2020,44,RIBEIRÃO PRETO,36.0,4.0,0.0,0.0,-21.178333,-47.8066671
10-04-2020,44,RIO CLARO,3.0,1.0,0.0,0.0,-22.4100108,-47.5603933
10-04-2020,44,RIO GRANDE DA SERRA,4.0,0.0,0.0,0.0,-23.743724,-46.397084
10-04-2020,44,SALTO,3.0,0.0,0.0,0.0,-23.1989983,-47.2913682
10-04-2020,44,SALTO DE PIRAPORA,2.0,0.0,0.0,0.0,-23.6492626,-47.5729991
10-04-2020,44,SANTA BRANCA,2.0,1.0,0.0,0.0,-23.3974353,-45.8842294
10-04-2020,44,SANTA BÁRBAR,0.0,0.0,,,18.384202950000002,33.751416496703186
10-04-2020,44,SANTA CRUZ DO RIO PARDO,2.0,0.0,1.0,0.0,-22.9060715,-49.6277378
10-04-2020,44,SANTA ISABEL,1.0,0.0,0.0,0.0,-23.3194222,-46.2271903
10-04-2020,44,SANTANA DE PARNAÍBA,32.0,0.0,1.0,0.0,-23.4446715,-46.9167722
10-04-2020,44,SANTO ANDRÉ,139.0,3.0,9.0,0.0,-23.6573395,-46.5322504
10-04-2020,44,SANTOS,144.0,5.0,14.0,1.0,-23.960833,-46.333889
10-04-2020,44,SERTÃOZINHO,2.0,0.0,0.0,0.0,-21.1375782,-47.9913741
10-04-2020,44,SOROCABA,18.0,2.0,1.0,0.0,-23.501667,-47.458056
10-04-2020,44,SUMARÉ,2.0,0.0,0.0,0.0,-22.8217964,-47.267105
10-04-2020,44,SUZANO,30.0,1.0,6.0,0.0,-23.5427842,-46.3108391
10-04-2020,44,SÃO BERNARDO DO CAMPO,174.0,9.0,10.0,2.0,-23.7080345,-46.5506747
10-04-2020,44,SÃO CAETANO DO SUL,62.0,1.0,3.0,0.0,-23.6195923,-46.5688323
10-04-2020,44,SÃO CARLOS,4.0,2.0,2.0,2.0,-22.0183367,-47.890932
10-04-2020,44,SÃO JOSÉ DO RIO PARDO,1.0,0.0,0.0,0.0,-21.595288,-46.887303
10-04-2020,44,SÃO JOSÉ DO RIO PRETO,41.0,1.0,0.0,0.0,-20.8125851,-49.3804212
10-04-2020,44,SÃO JOSÉ DOS CAMPOS,85.0,1.0,4.0,0.0,-23.1805011,-45.8872969
10-04-2020,44,SÃO JOÃO DA BOA VISTA,1.0,0.0,0.0,0.0,-21.9778137,-46.7881722
10-04-2020,44,SÃO MANUEL,3.0,1.0,0.0,0.0,-22.732081,-48.572316
10-04-2020,44,SÃO MIGUEL ARCANJO,1.0,0.0,,,-23.8807771,-47.9963492
10-04-2020,44,SÃO PAULO,5982.0,409.0,511.0,25.0,-23.5506507,-46.6333824
10-04-2020,44,SÃO PEDRO,1.0,0.0,0.0,0.0,-22.5512765,-47.9072359
10-04-2020,44,SÃO ROQUE,3.0,0.0,0.0,0.0,-23.5304843,-47.1355473
10-04-2020,44,SÃO SEBASTIÃO,4.0,1.0,0.0,0.0,-23.8027866,-45.4070527
10-04-2020,44,SÃO VICENTE,14.0,0.0,1.0,0.0,-23.9603686,-46.3847024
10-04-2020,44,TABOÃO DA SERRA,72.0,5.0,5.0,0.0,-23.6121912,-46.7790539
10-04-2020,44,TANABI,1.0,0.0,0.0,0.0,-20.6251635,-49.6519879
10-04-2020,44,TATUÍ,4.0,0.0,2.0,0.0,-23.3514733,-47.8552438
10-04-2020,44,TAUBATÉ,6.0,0.0,1.0,0.0,-23.031448,-45.5612792
10-04-2020,44,TERRA ROXA,1.0,0.0,0.0,0.0,-20.787015,-48.331442
10-04-2020,44,TUPÃ,1.0,0.0,,,-21.9348631,-50.5135113
10-04-2020,44,VALINHOS,4.0,0.0,0.0,0.0,-22.97056,-46.99583
10-04-2020,44,VARGEM GRANDE PAULISTA,5.0,3.0,0.0,0.0,-23.599338,-47.022038
10-04-2020,44,VINHEDO,7.0,0.0,0.0,0.0,-23.0295183,-46.9756292
10-04-2020,44,VOTORANTIM,2.0,0.0,0.0,0.0,-23.5466667,-47.4377778
10-04-2020,44,VOTUPORANGA,3.0,0.0,0.0,0.0,-20.4252506,-49.97226
11-04-2020,45, AGUDOS,2.0,1.0,1.0,0.0,-22.471162,-48.987822
11-04-2020,45, AMERICANA,3.0,2.0,0.0,0.0,-22.7392463,-47.3306032
11-04-2020,45, AMPARO,1.0,0.0,,,-22.70111,-46.76444
11-04-2020,45, AMÉRICO BRASILIENSE,1.0,0.0,,,-21.7297099,-48.1052092
11-04-2020,45, ARARAQUARA,10.0,1.0,3.0,0.0,-21.7886713,-48.1773096
11-04-2020,45, ARARAS,3.0,0.0,0.0,0.0,-22.3569477,-47.3838889
11-04-2020,45, ARAÇARIGUAMA,1.0,0.0,,,-23.438611,-47.061389
11-04-2020,45, ARAÇATUBA,14.0,0.0,-1.0,0.0,-21.207992,-50.4390225
11-04-2020,45, ARAÇOIABA DA SERRA,1.0,0.0,0.0,0.0,-23.5045367,-47.6168158
11-04-2020,45, ARTUR NOGUEIRA,1.0,0.0,0.0,0.0,-22.572737,-47.172679
11-04-2020,45, ARUJÁ,11.0,1.0,1.0,0.0,-23.396266,-46.3175449
11-04-2020,45, ASSIS,4.0,1.0,0.0,0.0,-22.6620892,-50.420623
11-04-2020,45, ATIBAIA,13.0,0.0,0.0,0.0,-23.1177393,-46.5547861
11-04-2020,45, AVARÉ,3.0,0.0,0.0,0.0,-23.1045215,-48.9259103
11-04-2020,45, BADY BASSITT,2.0,0.0,1.0,0.0,-20.9178969,-49.4517911
11-04-2020,45, BARRA DO TURVO,1.0,0.0,0.0,0.0,-24.756421,-48.5056942
11-04-2020,45, BARRETOS,4.0,0.0,0.0,0.0,-20.5531437,-48.5697509
11-04-2020,45, BARUERI,43.0,2.0,-1.0,0.0,-23.5112184,-46.8764612
11-04-2020,45, BATATAIS,1.0,0.0,0.0,0.0,-20.892867,-47.592149
11-04-2020,45, BAURU,10.0,1.0,-1.0,0.0,-22.3218102,-49.0705863
11-04-2020,45, BEBEDOURO,1.0,0.0,-1.0,0.0,-20.949077,-48.479083
11-04-2020,45, BIRIGUI,2.0,0.0,0.0,0.0,-21.2908491,-50.34144
11-04-2020,45, BOITUVA,4.0,0.0,0.0,0.0,-23.2838893,-47.6738231
11-04-2020,45, BOTUCATU,15.0,1.0,0.0,0.0,-22.8879628,-48.4410712
11-04-2020,45, BRAGANÇA PAULISTA,26.0,4.0,0.0,0.0,-22.9520235,-46.5418586
11-04-2020,45, BRODOWSKI,2.0,0.0,0.0,0.0,-20.984532,-47.657217
11-04-2020,45, CACHOEIRA PAULISTA,1.0,0.0,0.0,0.0,-22.666498,-45.015384
11-04-2020,45, CAIABU,1.0,1.0,,,-22.0143038,-51.2356597
11-04-2020,45, CAIEIRAS,33.0,4.0,1.0,0.0,-23.3644621,-46.7484765
11-04-2020,45, CAJAMAR,5.0,1.0,0.0,0.0,-23.3561111,-46.8769444
11-04-2020,45, CAMPINAS,100.0,5.0,0.0,0.0,-22.90556,-47.06083
11-04-2020,45, CARAGUATATUBA,2.0,1.0,0.0,0.0,-23.62028,-45.41306
11-04-2020,45, CARAPICUÍBA,31.0,2.0,2.0,0.0,-23.5234673,-46.8406808
11-04-2020,45, CATANDUVA,3.0,2.0,0.0,0.0,-21.1331035,-48.9712817
11-04-2020,45, CAÇAPAVA,3.0,0.0,0.0,0.0,-23.099204,-45.707645
11-04-2020,45, CEDRAL,1.0,0.0,0.0,0.0,-20.9028433,-49.2699665
11-04-2020,45, COTIA,59.0,4.0,6.0,1.0,-23.603889,-46.918889
11-04-2020,45, CRAVINHOS,2.0,1.0,0.0,0.0,-21.340278,-47.729444
11-04-2020,45, CUBATÃO,2.0,0.0,0.0,0.0,-23.8857982,-46.4241869
11-04-2020,45, DIADEMA,60.0,1.0,1.0,0.0,-23.681347,-46.62052
11-04-2020,45, DRACENA,1.0,1.0,0.0,0.0,-21.4835523,-51.5334408
11-04-2020,45, ELDORADO,1.0,0.0,0.0,0.0,-24.522583,-48.1093489
11-04-2020,45, EMB,0.0,0.0,0.0,0.0,56.7168477,8.6846248
11-04-2020,45, EMBU DAS ARTES,34.0,2.0,1.0,0.0,-23.6495294,-46.8528497
11-04-2020,45, ESTIVA GERBI,1.0,0.0,,,-22.2754831,-46.9525448
11-04-2020,45, FERRAZ DE VASCONCELOS,34.0,0.0,-1.0,0.0,-23.541056,-46.37097
11-04-2020,45, FRANCA,2.0,0.0,0.0,0.0,-20.5381768,-47.4009795
11-04-2020,45, FRANCISCO MORATO,13.0,1.0,1.0,0.0,-23.2817308,-46.7448996
11-04-2020,45, FRANCO DA ROCHA,19.0,1.0,1.0,0.0,-23.3328038,-46.724446
11-04-2020,45, GUARARAPES,3.0,0.0,0.0,0.0,-21.2537115,-50.6441746
11-04-2020,45, GUARAREMA,1.0,0.0,-1.0,0.0,-23.4133724,-46.0379249
11-04-2020,45, GUARATINGUETÁ,1.0,0.0,0.0,0.0,-22.8057839,-45.1908926
11-04-2020,45, GUARUJÁ,7.0,0.0,0.0,0.0,-23.9927768,-46.2558332
11-04-2020,45, ÁGUAS DE LINDÓIA,1.0,1.0,0.0,0.0,-22.4718855,-46.6291034
11-04-2020,45, ÁGUAS DE SÃO PEDRO,1.0,0.0,0.0,0.0,-22.6000681,-47.8750887
11-04-2020,45,AÇU,2.0,0.0,0.0,0.0,52.0950568,5.1219384
11-04-2020,45,GUARULHOS,191.0,16.0,,,-23.4430602,-46.524459
11-04-2020,45,GUAÇU,4.0,0.0,0.0,0.0,-22.17401325,-54.42529398923756
11-04-2020,45,HORTOLÂNDIA,2.0,0.0,,,-22.85833,-47.22
11-04-2020,45,IBIRÁ,1.0,0.0,,,-21.0815104,-49.2424619
11-04-2020,45,IBIÚNA,1.0,0.0,,,-23.6548363,-47.2210116
11-04-2020,45,ILHA COMPRIDA,9.0,0.0,0.0,0.0,-24.7445292,-47.5525529
11-04-2020,45,ILHABELA,1.0,0.0,0.0,0.0,-23.816628,-45.368685
11-04-2020,45,INDAIATUBA,4.0,0.0,1.0,0.0,-23.09028,-47.21806
11-04-2020,45,IRACEMÁPOLIS,1.0,0.0,0.0,0.0,-22.583234,-47.522963
11-04-2020,45,ITANHAÉM,2.0,0.0,0.0,0.0,-24.1848847,-46.7921572
11-04-2020,45,ITAPECERICA DA SERRA,27.0,1.0,1.0,0.0,-23.7176303,-46.8492435
11-04-2020,45,ITAPETININGA,3.0,1.0,0.0,0.0,-23.588607,-48.048326
11-04-2020,45,ITAPEVA,1.0,0.0,0.0,0.0,-23.9849105,-48.8803886
11-04-2020,45,ITAPEVI,17.0,4.0,0.0,0.0,-23.54888,-46.933889
11-04-2020,45,ITAPIRA,1.0,0.0,0.0,0.0,-22.436111,-46.821667
11-04-2020,45,ITAQUAQUECETUBA,25.0,0.0,1.0,0.0,-23.4754492,-46.3514033
11-04-2020,45,ITARARÉ,1.0,0.0,0.0,0.0,-24.1145368,-49.3352464
11-04-2020,45,ITATIBA,1.0,1.0,0.0,0.0,-22.9965861,-46.8412042
11-04-2020,45,ITATINGA,1.0,0.0,0.0,0.0,-23.1042417,-48.6134874
11-04-2020,45,ITU,2.0,0.0,0.0,0.0,-23.2638828,-47.298892
11-04-2020,45,ITUPEVA,1.0,0.0,0.0,0.0,-23.1531055,-47.0580347
11-04-2020,45,JABOTICABAL,5.0,2.0,0.0,0.0,-21.252037,-48.325223
11-04-2020,45,JACAREÍ,1.0,0.0,0.0,0.0,-23.30528,-45.96583
11-04-2020,45,JACI,1.0,0.0,0.0,0.0,-20.8844434,-49.5710544
11-04-2020,45,JAGUARIÚNA,1.0,0.0,0.0,0.0,-22.70374,-46.985062
11-04-2020,45,JALES,1.0,0.0,0.0,0.0,-20.2671767,-50.5492435
11-04-2020,45,JANDIRA,3.0,0.0,0.0,0.0,-23.5282044,-46.9019554
11-04-2020,45,JAÚ,1.0,0.0,0.0,0.0,-22.293585,-48.559193
11-04-2020,45,JOANÓPOLIS,1.0,0.0,0.0,0.0,-22.930004,-46.275208
11-04-2020,45,JOSÉ BONIFÁCIO,2.0,0.0,0.0,0.0,-23.564090999999998,-46.434766582997995
11-04-2020,45,JUNDIAÍ,13.0,1.0,1.0,0.0,-23.1887866,-46.8845122
11-04-2020,45,LARANJAL PAULISTA,2.0,1.0,0.0,0.0,-23.050564,-47.837549
11-04-2020,45,LENÇÓIS PAULISTA,3.0,0.0,0.0,0.0,-22.6029897,-48.8031367
11-04-2020,45,LIMEIRA,4.0,0.0,0.0,0.0,-22.5615068,-47.401766
11-04-2020,45,LOUVEIRA,1.0,0.0,0.0,0.0,-23.08639,-46.95056
11-04-2020,45,MAIRIPORÃ,7.0,2.0,0.0,0.0,-23.3186111,-46.5866667
11-04-2020,45,MARÍLIA,4.0,0.0,0.0,0.0,-22.217108,-49.95006
11-04-2020,45,MATÃO,2.0,0.0,0.0,0.0,-21.6033611,-48.3660603
11-04-2020,45,MAUÁ,43.0,0.0,1.0,0.0,-23.6669527,-46.4616922
11-04-2020,45,MIRASSOL,4.0,0.0,0.0,0.0,-20.8141411,-49.507449
11-04-2020,45,MOCOCA,2.0,1.0,0.0,0.0,-21.464731,-47.002405
11-04-2020,45,MOGI DAS CRUZES,56.0,2.0,6.0,0.0,-23.5234284,-46.1926671
11-04-2020,45,MOGI GUAÇÚ,6.0,1.0,5.0,1.0,-22.372222,-46.9425
11-04-2020,45,MONTE ALTO,3.0,0.0,0.0,0.0,-21.265545,-48.497066
11-04-2020,45,NOVA ODESSA,1.0,1.0,0.0,0.0,-22.783186,-47.294059
11-04-2020,45,OESTE,1.0,0.0,0.0,0.0,-22.23890315,-51.425511873731374
11-04-2020,45,OLÍMPIA,2.0,0.0,0.0,0.0,-20.736634,-48.910625
11-04-2020,45,ORLÂNDIA,2.0,0.0,0.0,0.0,-20.720278,-47.886667
11-04-2020,45,OSASCO,127.0,8.0,6.0,0.0,-23.5324859,-46.7916801
11-04-2020,45,OURINHOS,1.0,0.0,0.0,0.0,-22.9777918,-49.868204
11-04-2020,45,OUTRO ESTADO,34.0,0.0,-14.0,0.0,-25.3817431,-49.287191
11-04-2020,45,OUTRO PAÍS,39.0,0.0,-1.0,0.0,,
11-04-2020,45,PARIQUER,0.0,0.0,0.0,0.0,,
11-04-2020,45,PAULÍNIA,5.0,0.0,0.0,0.0,-22.7630391,-47.1532213
11-04-2020,45,PEDRA BELA,1.0,0.0,0.0,0.0,-22.7950193,-46.4431811
11-04-2020,45,PENÁPOLIS,1.0,1.0,0.0,0.0,-21.4192406,-50.0765588
11-04-2020,45,PERUÍBE,3.0,0.0,0.0,0.0,-24.3218105,-46.9977452
11-04-2020,45,PINDAMONHANGABA,2.0,0.0,1.0,0.0,-22.9340165,-45.462938
11-04-2020,45,PINDORAMA,1.0,0.0,0.0,0.0,-21.9549806,-49.0232348
11-04-2020,45,PIRACICABA,12.0,0.0,0.0,0.0,-22.72528,-47.64917
11-04-2020,45,PIRAJUÍ,1.0,0.0,0.0,0.0,-21.9957877,-49.4549675
11-04-2020,45,PORTO FERREIRA,2.0,1.0,0.0,0.0,-21.8529134,-47.4794943
11-04-2020,45,POÁ,9.0,1.0,0.0,0.0,-23.5249082,-46.3445663
11-04-2020,45,PRAIA GRANDE,16.0,2.0,2.0,1.0,-24.005833,-46.402778
11-04-2020,45,PRESIDENTE PRUDENTE,4.0,2.0,1.0,0.0,-22.1276335,-51.41624990198266
11-04-2020,45,PRESIDENTE VENCESLAU,4.0,2.0,0.0,0.0,-21.877116,-51.8451047
11-04-2020,45,PROMISSÃO,1.0,0.0,0.0,0.0,-21.5404913,-49.8574709
11-04-2020,45,RIBEIRÃO PIRES,16.0,0.0,1.0,0.0,-23.7129388,-46.4150871
11-04-2020,45,RIBEIRÃO PRETO,36.0,4.0,0.0,0.0,-21.178333,-47.8066671
11-04-2020,45,RIO CLARO,4.0,1.0,1.0,0.0,-22.4100108,-47.5603933
11-04-2020,45,RIO GRANDE DA SERRA,5.0,0.0,1.0,0.0,-23.743724,-46.397084
11-04-2020,45,SALTO,3.0,0.0,0.0,0.0,-23.1989983,-47.2913682
11-04-2020,45,SALTO DE PIRAPORA,2.0,0.0,0.0,0.0,-23.6492626,-47.5729991
11-04-2020,45,SANTA BRANCA,2.0,1.0,0.0,0.0,-23.3974353,-45.8842294
11-04-2020,45,SANTA BÁRBAR,0.0,0.0,0.0,0.0,18.384202950000002,33.751416496703186
11-04-2020,45,SANTA CRUZ DO RIO PARDO,1.0,0.0,-1.0,0.0,-22.9060715,-49.6277378
11-04-2020,45,SANTA ISABEL,1.0,0.0,0.0,0.0,-23.3194222,-46.2271903
11-04-2020,45,SANTA LÚCIA,1.0,0.0,,,-21.6861811,-48.0836814
11-04-2020,45,SANTANA DE PARNAÍBA,33.0,0.0,1.0,0.0,-23.4446715,-46.9167722
11-04-2020,45,SANTO ANDRÉ,142.0,3.0,3.0,0.0,-23.6573395,-46.5322504
11-04-2020,45,SANTOS,146.0,6.0,2.0,1.0,-23.960833,-46.333889
11-04-2020,45,SERTÃOZINHO,2.0,0.0,0.0,0.0,-21.1375782,-47.9913741
11-04-2020,45,SOROCABA,20.0,2.0,2.0,0.0,-23.501667,-47.458056
11-04-2020,45,SUMARÉ,2.0,0.0,0.0,0.0,-22.8217964,-47.267105
11-04-2020,45,SUZANO,32.0,3.0,2.0,2.0,-23.5427842,-46.3108391
11-04-2020,45,SÃO BERNARDO DO CAMPO,172.0,9.0,-2.0,0.0,-23.7080345,-46.5506747
11-04-2020,45,SÃO CAETANO DO SUL,61.0,2.0,-1.0,1.0,-23.6195923,-46.5688323
11-04-2020,45,SÃO CARLOS,5.0,2.0,1.0,0.0,-22.0183367,-47.890932
11-04-2020,45,SÃO JOSÉ DO RIO PARDO,1.0,0.0,0.0,0.0,-21.595288,-46.887303
11-04-2020,45,SÃO JOSÉ DO RIO PRETO,40.0,1.0,-1.0,0.0,-20.8125851,-49.3804212
11-04-2020,45,SÃO JOSÉ DOS CAMPOS,85.0,1.0,0.0,0.0,-23.1805011,-45.8872969
11-04-2020,45,SÃO JOÃO DA BOA VISTA,1.0,0.0,0.0,0.0,-21.9778137,-46.7881722
11-04-2020,45,SÃO MANUEL,3.0,1.0,0.0,0.0,-22.732081,-48.572316
11-04-2020,45,SÃO MIGUEL ARCANJO,1.0,0.0,0.0,0.0,-23.8807771,-47.9963492
11-04-2020,45,SÃO PAULO,6131.0,422.0,149.0,13.0,-23.5506507,-46.6333824
11-04-2020,45,SÃO PEDRO,1.0,0.0,0.0,0.0,-22.5512765,-47.9072359
11-04-2020,45,SÃO ROQUE,3.0,0.0,0.0,0.0,-23.5304843,-47.1355473
11-04-2020,45,SÃO SEBASTIÃO,4.0,1.0,0.0,0.0,-23.8027866,-45.4070527
11-04-2020,45,SÃO VICENTE,14.0,0.0,0.0,0.0,-23.9603686,-46.3847024
11-04-2020,45,TABOÃO DA SERRA,71.0,5.0,-1.0,0.0,-23.6121912,-46.7790539
11-04-2020,45,TANABI,1.0,0.0,0.0,0.0,-20.6251635,-49.6519879
11-04-2020,45,TATUÍ,4.0,0.0,0.0,0.0,-23.3514733,-47.8552438
11-04-2020,45,TAUBATÉ,6.0,0.0,0.0,0.0,-23.031448,-45.5612792
11-04-2020,45,TERRA ROXA,1.0,0.0,0.0,0.0,-20.787015,-48.331442
11-04-2020,45,TUPÃ,1.0,0.0,0.0,0.0,-21.9348631,-50.5135113
11-04-2020,45,VALINHOS,4.0,0.0,0.0,0.0,-22.97056,-46.99583
11-04-2020,45,VARGEM GRANDE PAULISTA,5.0,3.0,0.0,0.0,-23.599338,-47.022038
11-04-2020,45,VINHEDO,9.0,0.0,2.0,0.0,-23.0295183,-46.9756292
11-04-2020,45,VOTORANTIM,2.0,0.0,0.0,0.0,-23.5466667,-47.4377778
11-04-2020,45,VOTUPORANGA,5.0,0.0,2.0,0.0,-20.4252506,-49.97226
